Player,Season,Pos,Age,G,GS,MP,FG,FGA,FG%,3P,3PA,3P%,2P,2PA,2P%,eFG%,FT,FTA,FT%,ORB,DRB,TRB,AST,STL,BLK,TOV,PF,PTS,PER,TS%,3PAr,FTr,ORB%,DRB%,TRB%,AST%,STL%,BLK%,TOV%,USG%,WS,WS/48
Quincy Acy,2012-13,PF,22,29,0,11.8,1.4,2.6,0.56,0,0.1,0.5,1.4,2.5,0.562,0.567,1.1,1.3,0.816,1,1.6,2.7,0.4,0.4,0.5,0.6,1.8,4,15.9,0.632,0.027,0.507,10.3,16.6,13.4,5.2,2,3.5,15.6,14.7,1.1,0.157
Jeff Adrien,2012-13,PF,26,52,5,13.7,1.4,3.2,0.429,0,0,0,1.4,3.2,0.434,0.429,1.3,1.9,0.65,1.3,2.5,3.8,0.7,0.3,0.5,0.6,1.5,4,13.4,0.493,0.012,0.595,10.6,21.2,15.7,8.3,1.3,3.1,13.1,15.6,1,0.064
Arron Afflalo,2012-13,SF,27,64,64,36,6.2,14.1,0.439,1.1,3.8,0.3,5.1,10.4,0.489,0.478,3,3.5,0.857,0.5,3.3,3.7,3.2,0.6,0.2,2.2,2.1,16.5,13,0.527,0.265,0.246,1.4,10.3,5.8,14.6,0.9,0.4,12.1,22.5,2,0.042
Josh Akognon,2012-13,PG,26,3,0,3,0.7,1.3,0.5,0.3,0.7,0.5,0.3,0.7,0.5,0.625,0,0,,0,0.3,0.3,0.3,0,0,0,1,1.7,15.3,0.625,0.5,0,0,12.1,6.2,19.4,0,0,0,20.3,0,0.196
Cole Aldrich,2012-13,C,24,45,0,8.6,1,1.8,0.55,0,0,,1,1.8,0.55,0.55,0.3,0.4,0.6,0.7,2,2.7,0.2,0.1,0.5,0.5,1.3,2.2,11.1,0.563,0,0.25,8.7,26.7,17.7,3.4,0.7,4.6,20.6,12.7,0.6,0.07
LaMarcus Aldridge,2012-13,PF,27,74,74,37.7,8.6,17.8,0.484,0,0.2,0.143,8.6,17.6,0.488,0.485,3.8,4.7,0.81,2.4,6.7,9.1,2.6,0.8,1.2,1.9,2.5,21.1,20.4,0.53,0.011,0.264,7.2,20.9,14,13,1.2,2.5,8.9,26.5,7.2,0.124
Lavoy Allen,2012-13,C,23,79,37,21.1,2.6,5.7,0.454,0,0,0,2.6,5.7,0.455,0.454,0.5,0.8,0.717,2,3,5,0.9,0.3,0.7,0.7,2.3,5.8,11.5,0.474,0.002,0.132,10.5,16.5,13.4,6.7,0.8,2.6,10.3,14.8,2.5,0.072
Ray Allen,2012-13,SG,37,79,0,25.8,3.7,8.2,0.449,1.8,4.2,0.419,1.9,4,0.48,0.555,1.8,2,0.886,0.5,2.2,2.7,1.7,0.8,0.2,1.3,1.6,10.9,14.7,0.599,0.51,0.243,2.6,10.1,6.6,10.2,1.7,0.6,12.5,19.3,5.4,0.126
Tony Allen,2012-13,SG,31,79,79,26.7,3.6,8.1,0.445,0,0.3,0.125,3.6,7.8,0.458,0.447,1.7,2.4,0.717,1.5,3.1,4.6,1.2,1.5,0.6,1.2,2.7,8.9,13.2,0.489,0.038,0.293,6.6,13.8,10.2,7.6,3.1,1.7,11.5,17.8,5.1,0.115
Al-Farouq Aminu,2012-13,SF,22,76,71,27.2,3,6.2,0.475,0.1,0.3,0.211,2.9,6,0.486,0.479,1.3,1.8,0.737,1.8,5.9,7.7,1.4,1.2,0.7,1.5,2,7.3,13.7,0.519,0.04,0.289,7.9,26.2,16.9,7.8,2.4,2.1,17.8,14.6,3.1,0.073
Lou Amundson,2012-13,PF,30,39,0,9.5,0.8,2.1,0.395,0,0,,0.8,2.1,0.395,0.395,0.3,0.9,0.333,1.2,1.5,2.7,0.3,0.4,0.3,0.5,1.4,1.9,9.3,0.392,0,0.444,14.7,18.7,16.7,4.5,2.3,2.6,16.4,14.2,0.1,0.019
Chris Andersen,2012-13,C,34,42,0,14.9,1.7,2.9,0.577,0,0.1,0.667,1.6,2.9,0.575,0.585,1.5,2.2,0.677,1.4,2.7,4.1,0.4,0.4,1,0.6,2.1,4.9,17.4,0.631,0.024,0.756,11.9,21.5,17,4,1.4,5.8,12.8,14.4,2.7,0.207
Alan Anderson,2012-13,SF,30,65,2,23,3.6,9.5,0.383,1.5,4.4,0.333,2.2,5.1,0.426,0.46,1.9,2.3,0.857,0.5,1.8,2.3,1.6,0.7,0.1,1.2,2,10.7,12.6,0.509,0.463,0.239,2.7,9.2,5.9,11.7,1.7,0.4,10.5,23.6,1.6,0.052
James Anderson,2012-13,SG-SF,23,39,2,10.3,1.3,3.2,0.413,0.5,1.5,0.35,0.8,1.7,0.47,0.496,0.6,0.7,0.857,0.5,1.4,1.8,1.1,0.4,0.1,0.6,0.6,3.8,13.9,0.539,0.476,0.222,5.2,15,10.2,15.8,1.9,0.9,15.3,18,0.9,0.106
Ryan Anderson,2012-13,PF,24,81,22,30.9,5.8,13.8,0.423,2.6,6.9,0.382,3.2,6.9,0.464,0.519,1.9,2.2,0.844,2.4,4,6.4,1.2,0.5,0.4,1.2,2.2,16.2,18.1,0.548,0.5,0.161,8.9,15.9,12.4,6.9,0.9,1,7.5,24,6.5,0.125
Carmelo Anthony,2012-13,PF,28,67,67,37,10,22.2,0.449,2.3,6.2,0.379,7.6,16,0.476,0.502,6.3,7.6,0.83,2,4.9,6.9,2.6,0.8,0.5,2.6,3.1,28.7,24.8,0.56,0.278,0.344,6.1,15.9,10.8,14.1,1.1,1.1,9.3,35.6,9.5,0.184
Joel Anthony,2012-13,C,30,62,3,9.1,0.6,1.1,0.515,0,0,,0.6,1.1,0.515,0.515,0.3,0.5,0.607,0.7,1.1,1.9,0.2,0.2,0.7,0.4,0.8,1.4,10.4,0.542,0,0.412,10.4,14.4,12.5,3.1,1.2,6.1,21.5,8.6,1.2,0.1
Trevor Ariza,2012-13,SF,27,56,15,26.3,3.4,8.1,0.417,1.4,3.7,0.364,2,4.3,0.463,0.501,1.4,1.7,0.821,0.8,4,4.8,2,1.3,0.4,1.5,1.3,9.5,14,0.538,0.463,0.211,3.3,16.9,10,12.7,2.5,1.1,14.6,17.9,3.1,0.102
Darrell Arthur,2012-13,PF,24,59,3,16.4,2.7,6.1,0.451,0.1,0.3,0.278,2.7,5.8,0.46,0.458,0.6,0.8,0.717,1.2,1.7,2.9,0.6,0.4,0.6,0.7,2.1,6.1,11.8,0.477,0.05,0.128,8.1,12.5,10.3,5.9,1.3,2.8,10.2,20.1,1.7,0.084
Ömer Aşık,2012-13,C,26,82,82,30,4,7.5,0.541,0,0,0,4,7.5,0.542,0.541,2,3.6,0.562,3.4,8.3,11.7,0.9,0.6,1.1,2.1,2.7,10.1,14.9,0.558,0.002,0.487,12.8,31,22,4.6,0.9,2.7,18.8,16.3,5.5,0.108
D.J. Augustin,2012-13,PG,25,76,5,16.1,1.4,3.9,0.35,0.9,2.5,0.353,0.5,1.4,0.346,0.464,1.1,1.3,0.838,0.3,0.9,1.2,2.2,0.4,0,0.9,0.8,4.7,11,0.527,0.646,0.337,1.9,6.3,4.1,21.6,1.5,0.2,16.8,15.1,2.8,0.112
Gustavo Ayón,2012-13,C,27,55,3,13.3,1.7,3,0.551,0,0,,1.7,3,0.551,0.551,0.4,0.9,0.4,1.1,2.5,3.6,1.3,0.4,0.3,0.9,1.9,3.7,12.8,0.54,0,0.299,9,21.3,15.1,14.7,1.5,1.8,19.9,14.5,1.2,0.077
Jeff Ayres,2012-13,PF,25,37,0,10,1.6,3.4,0.484,0.1,0.1,0.5,1.6,3.3,0.484,0.492,0.6,0.6,0.913,0.8,2,2.8,0.4,0.2,0.3,0.6,1.2,3.9,14.5,0.533,0.032,0.183,8.9,22.2,15.7,7.2,0.9,2.4,14.5,19.7,1,0.129
Luke Babbitt,2012-13,PF,23,62,0,11.8,1.4,3.8,0.368,1,2.9,0.348,0.4,0.9,0.429,0.5,0.2,0.2,0.769,0.2,2,2.2,0.5,0.2,0.1,0.4,1.3,3.9,9.4,0.509,0.761,0.056,2.4,19.7,10.9,6.2,1,0.5,8.4,16.4,0.7,0.047
Leandro Barbosa,2012-13,PG,30,41,2,12.5,2,4.7,0.43,0.4,1.1,0.383,1.6,3.6,0.445,0.477,0.8,1,0.756,0.2,0.9,1.1,1.4,0.4,0.1,0.5,1.2,5.2,13.5,0.509,0.244,0.212,1.9,8.5,5.3,19,1.7,0.9,9.1,21.4,0.9,0.086
J.J. Barea,2012-13,PG,28,74,2,23.1,4.3,10.2,0.417,1.3,3.8,0.346,3,6.5,0.458,0.481,1.4,1.8,0.784,0.5,2.3,2.8,4,0.4,0,2,1.8,11.3,14.1,0.51,0.369,0.177,2.2,11.9,6.9,30.6,1,0,15.1,25.1,1.9,0.053
Andrea Bargnani,2012-13,PF,27,35,25,28.7,4.9,12.2,0.399,1.1,3.5,0.309,3.8,8.7,0.436,0.444,1.9,2.2,0.844,0.7,2.9,3.7,1.1,0.6,0.7,1.5,1.8,12.7,11.2,0.482,0.289,0.181,3,12.3,7.6,6.6,1.1,1.8,10.5,23.8,0.1,0.007
Harrison Barnes,2012-13,SF,20,81,81,25.4,3.4,7.8,0.439,0.6,1.8,0.359,2.8,6,0.464,0.481,1.8,2.3,0.758,0.7,3.5,4.1,1.2,0.6,0.2,1.2,1.7,9.2,11,0.526,0.231,0.303,2.9,14.5,8.9,7.3,1.3,0.5,12.4,17.7,2.8,0.065
Matt Barnes,2012-13,SF,32,80,4,25.7,3.9,8.4,0.462,1.4,4.1,0.342,2.5,4.4,0.574,0.544,1.1,1.5,0.744,1.4,3.2,4.6,1.5,1,0.8,1.1,2.9,10.3,15.5,0.566,0.481,0.173,6.5,14.5,10.6,9.2,2.1,2.6,11,18.1,6.3,0.146
Earl Barron,2012-13,C,31,12,2,13.3,1.5,4.3,0.353,0,0,,1.5,4.3,0.353,0.353,0.3,0.6,0.429,1.8,3.3,5.1,0.4,0.4,0.5,0.9,2,3.3,8.9,0.361,0,0.137,15.4,28.1,21.6,5,1.6,3,16.9,18.8,0,-0.003
Will Barton,2012-13,SG,22,73,5,12.2,1.6,4.2,0.382,0.1,0.9,0.138,1.5,3.3,0.447,0.396,0.7,0.9,0.769,0.5,1.5,2,0.8,0.5,0.1,0.8,0.8,4,9.1,0.437,0.21,0.21,4.6,14.3,9.4,10.4,2,0.8,15.1,20.4,-0.5,-0.028
Brandon Bass,2012-13,PF,27,81,69,27.6,3.5,7.3,0.486,0,0,0,3.5,7.2,0.487,0.486,1.6,1.9,0.86,1.6,3.7,5.2,1,0.5,0.8,1,2.3,8.7,12.3,0.535,0.003,0.255,7,15.2,11.2,6,1,2.3,10.9,15.5,4.7,0.101
Shane Battier,2012-13,SF,34,72,20,24.8,2.1,5,0.42,1.9,4.4,0.43,0.2,0.6,0.348,0.608,0.4,0.5,0.842,0.5,1.8,2.3,1,0.6,0.8,0.5,2.1,6.6,10.7,0.623,0.873,0.105,2.7,8.4,5.7,5.7,1.2,2.5,8.2,11,4.4,0.119
Nicolas Batum,2012-13,SF,24,73,73,38.5,4.8,11.4,0.423,2.3,6.1,0.372,2.6,5.3,0.481,0.522,2.4,2.9,0.848,1.3,4.3,5.6,4.9,1.2,1.1,2.6,1.9,14.3,15.7,0.566,0.533,0.252,4,13.2,8.5,20.3,1.7,2.2,17,18.2,5.8,0.099
Jerryd Bayless,2012-13,PG,24,80,4,22.1,3.3,7.8,0.419,0.9,2.5,0.353,2.4,5.3,0.45,0.476,1.3,1.5,0.836,0.3,1.9,2.2,3.3,0.7,0.2,1.5,2.1,8.7,13.5,0.514,0.324,0.196,1.4,10.5,5.9,24.9,1.8,0.8,15.1,20.8,4,0.108
Aron Baynes,2012-13,C,26,16,0,8.8,1.1,2.3,0.5,0,0.1,0,1.1,2.2,0.514,0.5,0.4,0.8,0.583,0.8,1.3,2,0.3,0.1,0.4,0.7,1.4,2.7,8.8,0.521,0.028,0.333,10.4,15.5,13.1,5.2,0.4,3.1,21,17.1,0.1,0.05
Kent Bazemore,2012-13,SG,23,61,0,4.4,0.7,1.9,0.371,0.2,0.6,0.294,0.5,1.3,0.402,0.414,0.4,0.7,0.614,0.1,0.3,0.4,0.4,0.3,0.1,0.3,0.4,2,11.3,0.454,0.293,0.379,2.1,6.8,4.5,13.1,3.2,1.2,11.7,25.7,0.1,0.014
Bradley Beal,2012-13,SG,19,56,46,31.2,5,12.3,0.41,1.6,4.2,0.386,3.4,8.1,0.424,0.477,2.2,2.8,0.786,0.8,3,3.8,2.4,0.9,0.5,1.6,2,13.9,13.6,0.515,0.344,0.231,2.7,10.8,6.7,13.7,1.5,1.3,10.6,22.2,3,0.082
Michael Beasley,2012-13,SF,24,75,20,20.7,4.1,10.2,0.405,0.6,1.9,0.313,3.5,8.3,0.426,0.434,1.3,1.7,0.746,0.7,3.1,3.8,1.5,0.4,0.5,1.9,1.4,10.1,10.8,0.462,0.188,0.164,3.7,17.2,10.3,12.5,1,1.6,14.9,27.6,-1.5,-0.047
Rodrigue Beaubois,2012-13,PG,24,45,0,12.2,1.4,3.9,0.369,0.5,1.6,0.292,1,2.3,0.423,0.429,0.7,0.8,0.789,0.2,1.1,1.3,1.9,0.4,0.1,0.7,1.2,4,10.6,0.47,0.409,0.216,1.9,9.6,5.8,22.6,1.8,0.6,14.6,18.7,0.4,0.032
Marco Belinelli,2012-13,SG,26,73,27,25.8,3.3,8.4,0.395,1.1,3,0.357,2.2,5.3,0.416,0.46,1.9,2.3,0.839,0.2,1.7,1.9,2,0.6,0.1,1.1,1.9,9.6,10.4,0.513,0.362,0.275,0.8,7.8,4.3,12.9,1.3,0.2,10.7,18.7,3,0.076
Patrick Beverley,2012-13,PG,24,41,0,17.4,1.9,4.6,0.418,0.9,2.3,0.375,1,2.3,0.462,0.513,0.8,1,0.829,1.1,1.6,2.7,2.9,0.9,0.5,1.1,2,5.6,15.4,0.551,0.508,0.217,7.2,10.1,8.7,24.2,2.6,2.2,17.5,15.4,2.2,0.148
Andris Biedriņš,2012-13,C,26,53,9,9.3,0.2,0.4,0.476,0,0,,0.2,0.4,0.476,0.476,0.1,0.2,0.308,0.6,2.2,2.9,0.3,0.3,0.8,0.3,1.9,0.5,7.7,0.449,0,0.619,7.8,25.7,17,3.7,1.5,6.6,34.4,3.7,1.1,0.102
Chauncey Billups,2012-13,SG,36,22,22,19,2.4,6,0.402,1.5,4.1,0.367,0.9,1.9,0.476,0.527,2,2.2,0.938,0.1,1.4,1.5,2.2,0.5,0,1.2,1.1,8.4,15,0.601,0.682,0.364,0.6,8.4,4.6,17.4,1.5,0.2,14.5,19.6,1.3,0.146
Bismack Biyombo,2012-13,C,20,80,65,27.3,2,4.3,0.451,0,0,,2,4.3,0.451,0.451,0.9,1.8,0.521,2.4,4.9,7.3,0.4,0.4,1.8,1,2.4,4.8,10.1,0.472,0,0.41,9.9,20.9,15.2,2.5,0.7,5.3,16.7,10.2,1.4,0.031
DeJuan Blair,2012-13,PF,23,61,16,14,2.3,4.4,0.524,0,0,0,2.3,4.4,0.526,0.524,0.7,1.1,0.629,1.1,2.7,3.8,0.7,0.6,0.2,0.8,1.8,5.4,14.6,0.543,0.004,0.258,9.5,21.1,15.6,8.3,2.2,0.9,14,19,2.2,0.126
Steve Blake,2012-13,PG,32,45,13,26.1,2.5,6,0.422,1.6,3.8,0.421,0.9,2.2,0.424,0.556,0.6,0.8,0.771,0.5,2.5,2.9,3.8,0.8,0.1,1.4,1.8,7.3,11.7,0.573,0.633,0.13,2,10.1,6.2,21.9,1.5,0.4,17.8,13.2,2.4,0.097
Andray Blatche,2012-13,C,26,82,8,19,4.2,8.2,0.512,0,0.3,0.136,4.2,8,0.524,0.514,1.8,2.6,0.685,2,3.1,5.1,1,1,0.7,1.5,2,10.3,21.9,0.547,0.033,0.32,12.2,19.6,15.8,10.5,3,2.7,13.8,26.5,4.9,0.153
Eric Bledsoe,2012-13,PG,23,76,12,20.4,3.3,7.5,0.445,0.4,1,0.397,2.9,6.4,0.453,0.473,1.4,1.8,0.791,1,1.9,3,3.1,1.4,0.7,1.8,1.5,8.5,17.5,0.513,0.137,0.236,6.1,11.1,8.6,23.5,3.7,3,17.9,22.5,3.7,0.115
Keith Bogans,2012-13,SG,32,74,23,19,1.5,3.8,0.38,1.1,3.3,0.343,0.3,0.5,0.615,0.528,0.1,0.2,0.647,0.2,1.4,1.6,1,0.4,0.1,0.7,1.5,4.2,6.7,0.533,0.863,0.06,1.3,8.8,5,8.1,1.1,0.2,14.4,11.2,1.4,0.047
Andrew Bogut,2012-13,C,28,32,32,24.6,2.6,5.8,0.451,0,0,1,2.6,5.7,0.448,0.454,0.6,1.2,0.5,2.1,5.5,7.7,2.1,0.6,1.7,1.1,2.7,5.8,13.8,0.463,0.005,0.207,9.8,24.1,17.2,12.5,1.3,5.5,14.8,13.4,1.7,0.106
Matt Bonner,2012-13,PF,32,68,4,13.4,1.6,3.4,0.487,0.8,1.8,0.442,0.9,1.6,0.536,0.602,0.2,0.2,0.733,0.4,1.5,1.9,0.5,0.3,0.3,0.2,1.3,4.2,11.8,0.609,0.522,0.065,3.4,12.5,8.2,5.8,1,1.5,6.3,12.8,2.5,0.133
Trevor Booker,2012-13,PF,25,48,14,18.5,2.3,4.6,0.491,0,0.1,0,2.3,4.5,0.502,0.491,0.8,1.5,0.556,2,2.9,5,0.8,0.7,0.3,0.6,2,5.3,13.9,0.509,0.023,0.327,12.2,17.8,14.9,7.4,1.9,1.4,11,14.5,2.3,0.126
Carlos Boozer,2012-13,PF,31,79,79,32.2,6.9,14.4,0.477,0,0,0,6.9,14.4,0.478,0.477,2.4,3.3,0.731,2.2,7.5,9.8,2.3,0.8,0.4,2.2,3,16.2,17.1,0.51,0.002,0.232,7.8,27.2,17.4,13.4,1.4,0.8,12.3,25.8,5.7,0.108
Chris Bosh,2012-13,C,28,74,74,33.2,6.6,12.3,0.535,0.3,1,0.284,6.3,11.3,0.557,0.546,3.3,4.1,0.798,1.8,5,6.8,1.7,0.9,1.4,1.7,2.3,16.6,20,0.592,0.082,0.333,7,17.6,12.6,8.4,1.4,3.4,11,22.7,9,0.175
Avery Bradley,2012-13,PG,22,50,50,28.7,3.8,9.6,0.402,0.8,2.5,0.317,3,7,0.432,0.444,0.7,1,0.755,0.6,1.6,2.2,2.1,1.3,0.4,1.4,2.6,9.2,8.8,0.461,0.264,0.103,2.5,6.5,4.6,11.6,2.3,1,12.6,18.8,0.4,0.012
Elton Brand,2012-13,C,33,72,18,21.2,3.1,6.6,0.473,0,0,0,3.1,6.6,0.474,0.473,0.9,1.3,0.71,1.8,4.2,6,1,0.7,1.3,0.8,2.7,7.2,15.2,0.499,0.002,0.195,9.7,21.5,15.7,7.1,1.7,4.6,9.9,17.2,3.4,0.107
Corey Brewer,2012-13,SF,26,82,2,24.4,4.6,10.8,0.425,1.1,3.7,0.296,3.5,7,0.493,0.476,1.8,2.6,0.69,0.7,2.2,2.9,1.5,1.4,0.3,1.2,1.9,12.1,14.7,0.506,0.348,0.245,3.1,9.9,6.6,9.5,3,0.9,9.4,23.4,3.9,0.093
Ronnie Brewer,2012-13,SF,27,60,34,14.2,1.2,3.3,0.354,0.4,1.3,0.303,0.8,2,0.385,0.412,0.3,0.7,0.41,0.7,1.6,2.3,0.8,0.7,0.1,0.3,0.6,3,10,0.416,0.384,0.197,5.7,13.5,9.6,8.6,2.7,0.6,7.7,12.7,1.1,0.06
Aaron Brooks,2012-13,PG,28,53,20,18.8,2.7,6,0.453,0.9,2.5,0.373,1.8,3.4,0.511,0.532,0.8,1,0.769,0.2,1.3,1.5,2.2,0.6,0.2,1.3,1.8,7.1,11.8,0.555,0.424,0.165,1.5,7.9,4.6,18,1.5,0.8,16.5,18.1,0.8,0.041
MarShon Brooks,2012-13,SG,24,73,2,12.5,2.1,4.6,0.463,0.2,0.8,0.273,1.9,3.8,0.5,0.485,0.9,1.3,0.734,0.4,1,1.4,1,0.5,0.2,0.9,1.3,5.4,13.5,0.523,0.164,0.281,4.1,9.4,6.7,14.6,2,1.3,15.5,22.5,1.3,0.068
Kwame Brown,2012-13,C,30,22,11,12.2,0.8,1.7,0.459,0,0,,0.8,1.7,0.459,0.459,0.3,0.9,0.368,1,2.3,3.4,0.4,0.3,0.5,0.4,1.7,1.9,8.8,0.452,0,0.514,9.4,22.1,15.5,4.7,1.2,2.9,15,9.1,0.4,0.071
Shannon Brown,2012-13,SG,27,59,22,23.8,4.1,9.7,0.42,0.7,2.4,0.277,3.4,7.3,0.467,0.454,1.7,2.1,0.784,0.7,1.8,2.5,1.8,1,0.3,1.3,1.6,10.5,13.1,0.493,0.247,0.219,3.5,8.7,6,12.8,2.2,0.8,10.6,22.2,1.2,0.041
Kobe Bryant,2012-13,SG,34,78,78,38.6,9.5,20.4,0.463,1.7,5.2,0.324,7.8,15.2,0.51,0.504,6.7,8,0.839,0.8,4.7,5.6,6,1.4,0.3,3.7,2.2,27.3,23,0.57,0.255,0.392,2.5,13.1,7.9,29.7,1.8,0.6,13.3,31.9,10.9,0.174
Chase Budinger,2012-13,SF,24,23,1,22.1,3.4,8.3,0.414,1.1,3.5,0.321,2.3,4.8,0.482,0.482,1.4,1.8,0.762,0.7,2.4,3.1,1.1,0.6,0.3,1,1.3,9.4,12.6,0.516,0.424,0.22,3.3,13,8,8.3,1.4,1.1,9.9,20.5,0.7,0.066
Alec Burks,2012-13,SG,21,64,0,17.8,2.5,6.1,0.42,0.5,1.4,0.359,2,4.6,0.439,0.463,1.4,2,0.713,0.6,1.7,2.3,1.4,0.5,0.2,1.2,1.8,7,11.5,0.507,0.237,0.332,3.8,11.2,7.5,13,1.6,0.9,14.3,20.7,1,0.044
Caron Butler,2012-13,SF,32,78,78,24.1,3.9,9.2,0.424,1.6,4.2,0.388,2.3,5,0.454,0.513,1,1.2,0.833,0.5,2.3,2.9,1,0.7,0.1,0.9,1.8,10.4,12.4,0.535,0.458,0.125,2.6,11.4,7.1,6.5,1.4,0.5,8.7,20.2,3.6,0.091
Jimmy Butler,2012-13,SF,23,82,20,26,2.9,6.2,0.467,0.5,1.3,0.381,2.4,5,0.489,0.506,2.3,2.8,0.803,1.7,2.3,4,1.4,1,0.4,0.8,1.2,8.6,15.2,0.574,0.205,0.455,7.2,10.4,8.8,8.6,2,1.1,9.2,14.6,7,0.158
Will Bynum,2012-13,PG,30,65,0,18.8,3.9,8.3,0.469,0.4,1.2,0.316,3.5,7.1,0.494,0.491,1.6,2,0.809,0.4,1.1,1.5,3.6,0.7,0.1,1.9,2,9.8,16.6,0.532,0.141,0.243,2.6,6.6,4.6,34.8,2,0.3,17.3,27,1.7,0.067
José Calderón,2012-13,PG,31,73,58,29.6,4.3,8.7,0.491,1.8,3.9,0.461,2.5,4.8,0.516,0.594,1,1.1,0.9,0.3,2.1,2.4,7.1,0.8,0.1,1.7,1.4,11.3,18.8,0.616,0.444,0.126,1.1,8.6,4.8,39.8,1.4,0.3,15.8,17,7.4,0.165
Marcus Camby,2012-13,PF,38,24,4,10.4,0.7,2.2,0.321,0,0,,0.7,2.2,0.321,0.321,0.3,0.8,0.421,1,2.3,3.3,0.6,0.3,0.6,0.6,1.2,1.8,8.6,0.342,0,0.358,10.9,27.1,18.7,8.1,1.5,4.8,19.6,14.3,0,0.007
DeMarre Carroll,2012-13,SF,26,66,12,16.8,2.3,4.9,0.46,0.3,1.1,0.286,2,3.8,0.508,0.491,1.1,1.5,0.765,1.3,1.5,2.8,0.9,0.9,0.4,0.5,1.8,6,15.5,0.535,0.216,0.302,9.1,10.8,9.9,8.7,2.8,1.7,8.5,16.4,3.1,0.134
Matt Carroll,2012-13,SG,32,1,0,6,0,0,,0,0,,0,0,,,0,0,,0,0,0,1,0,0,0,1,0,2.9,,,,0,0,0,23.4,0,0,,0,0,0.029
Vince Carter,2012-13,SF,36,81,3,25.8,4.6,10.6,0.435,2,4.9,0.406,2.6,5.6,0.461,0.53,2.2,2.8,0.816,0.7,3.4,4.1,2.4,0.9,0.5,1.3,2.8,13.4,17.8,0.571,0.467,0.261,3.1,14.4,8.9,15,1.8,1.6,10,23.1,6,0.137
Omri Casspi,2012-13,SF,24,43,1,11.7,1.5,3.7,0.394,0.6,1.8,0.329,0.9,2,0.452,0.472,0.5,1,0.537,0.5,2.2,2.7,0.7,0.6,0.3,0.5,1,4,12.9,0.486,0.475,0.256,4.4,22.7,13.1,8.8,2.6,1.9,11,17.7,0.7,0.064
Mario Chalmers,2012-13,PG,26,77,77,26.9,2.9,6.9,0.429,1.6,3.9,0.409,1.4,3,0.456,0.545,1.2,1.5,0.795,0.2,2,2.2,3.5,1.5,0.2,1.5,2.5,8.6,13.3,0.576,0.569,0.212,1.2,8.6,5.1,19.4,3,0.5,17.1,16.1,5.2,0.12
Tyson Chandler,2012-13,C,30,66,66,32.8,3.9,6.1,0.638,0,0,,3.9,6.1,0.638,0.638,2.7,3.9,0.694,4.1,6.6,10.7,0.9,0.6,1.1,1.3,2.8,10.4,18.9,0.671,0,0.645,14.1,24.3,19,4.5,1,3,14.5,13,9.3,0.207
Wilson Chandler,2012-13,PF,25,43,8,25.1,4.9,10.6,0.462,1.2,2.9,0.413,3.7,7.7,0.48,0.519,2,2.6,0.793,1,4,5.1,1.3,1,0.3,1.4,2.8,13,16.6,0.556,0.277,0.244,4.8,17.6,11.3,8.3,2.1,0.9,10.6,22.7,3.1,0.137
Josh Childress,2012-13,SF,29,14,0,7.1,0.4,1.5,0.286,0.1,0.2,0.333,0.4,1.3,0.278,0.31,0.1,0.1,0.5,0.4,0.6,1.1,0.4,0.1,0.1,0,0.2,1,7,0.32,0.143,0.095,7,10.7,8.9,7.3,1.1,1.5,0,10.1,0.1,0.029
Earl Clark,2012-13,PF,25,59,36,23.1,2.9,6.5,0.44,0.6,1.8,0.337,2.3,4.8,0.479,0.486,0.9,1.3,0.697,1.4,4.1,5.5,1.1,0.6,0.7,1.1,1.7,7.3,12.4,0.51,0.269,0.197,6.8,19.1,13.1,7.4,1.3,2.3,12.9,15.7,2.3,0.08
Victor Claver,2012-13,SF,24,49,16,16.6,1.5,3.9,0.392,0.5,1.8,0.287,1,2.1,0.48,0.458,0.3,0.6,0.467,0.6,1.8,2.4,0.9,0.5,0.2,0.9,1.5,3.8,7,0.462,0.46,0.159,4.4,12.8,8.5,7.9,1.7,1.1,17.5,13.9,-0.1,-0.005
Norris Cole,2012-13,PG,24,80,4,19.9,2.2,5.3,0.421,0.4,1.2,0.357,1.8,4.1,0.44,0.462,0.7,1,0.65,0.2,1.4,1.6,2.1,0.7,0.1,1.3,1.9,5.6,7.9,0.483,0.231,0.188,1.5,8.2,5,15.2,1.9,0.4,18.4,17,0.6,0.019
Jason Collins,2012-13,C,34,38,9,10.1,0.2,0.8,0.31,0,0,,0.2,0.8,0.31,0.31,0.6,0.8,0.719,0.6,1,1.6,0.2,0.3,0.3,0.5,2.2,1.1,3,0.476,0,1.103,6.9,11.3,9.2,2.9,1.6,2.1,29.5,7.5,0.4,0.045
Darren Collison,2012-13,PG,25,81,47,29.3,4.2,8.9,0.471,0.6,1.7,0.353,3.6,7.3,0.498,0.504,3,3.4,0.88,0.4,2.3,2.7,5.1,1.2,0.1,2.1,1.7,12,16.3,0.575,0.188,0.38,1.5,8.7,5.1,26.8,2.2,0.3,17,19.6,5.6,0.114
Nick Collison,2012-13,C,32,81,2,19.5,2.2,3.7,0.595,0,0,0,2.2,3.6,0.603,0.595,0.7,1,0.769,1.5,2.6,4.1,1.5,0.6,0.4,0.9,2.4,5.1,13.6,0.624,0.014,0.264,9.6,14.2,12.1,11.3,1.7,1.4,17.3,11.5,5.2,0.158
Mike Conley,2012-13,PG,25,80,80,34.5,5.2,11.8,0.44,1.3,3.7,0.362,3.9,8.1,0.476,0.497,2.9,3.5,0.83,0.5,2.3,2.8,6.1,2.2,0.3,2.4,2.1,14.6,18.3,0.549,0.312,0.3,1.8,7.9,4.8,29.5,3.4,0.7,15.1,21,9.9,0.172
Will Conroy,2012-13,PG,30,4,0,5,0,2.3,0,0,0.8,0,0,1.5,0,0,0.3,0.5,0.5,0.3,0,0.3,0,0,0,0,0.3,0.3,-15.2,0.051,0.333,0.222,5.5,0,2.9,0,0,0,0,22.1,-0.2,-0.433
Daequan Cook,2012-13,SG,25,49,1,9,1,3.4,0.305,0.5,1.9,0.286,0.5,1.6,0.329,0.383,0.2,0.2,0.75,0.1,1.1,1.2,0.4,0.2,0.1,0.3,0.5,2.8,5.8,0.398,0.545,0.072,1.8,14.1,7.9,6.7,0.9,1.2,8,19.2,-0.2,-0.019
Chris Copeland,2012-13,PF,28,56,13,15.4,3.3,6.8,0.479,1.1,2.5,0.421,2.2,4.3,0.513,0.557,1.1,1.5,0.759,0.6,1.5,2.1,0.5,0.3,0.2,0.9,1.9,8.7,16.8,0.583,0.368,0.218,4.5,11.9,8.1,5.7,1,1.2,10.7,25.3,2.1,0.117
DeMarcus Cousins,2012-13,C,22,75,74,30.5,6.4,13.8,0.465,0.1,0.3,0.182,6.4,13.5,0.471,0.467,4.2,5.6,0.738,3,7,9.9,2.7,1.4,0.7,3,3.6,17.1,20.2,0.524,0.021,0.408,10.9,27,18.7,15.3,2.4,1.9,15.5,28.1,4.4,0.092
Jamal Crawford,2012-13,SG,32,76,0,29.3,5.9,13.4,0.438,2,5.2,0.376,3.9,8.2,0.477,0.511,2.8,3.3,0.871,0.3,1.4,1.7,2.5,1,0.2,1.9,0.9,16.5,16.8,0.558,0.39,0.244,1.2,5.6,3.4,14.4,1.9,0.5,11.5,26,5.4,0.116
Jordan Crawford,2012-13,SG,24,70,14,24.4,4.3,10.4,0.415,1.2,3.5,0.337,3.1,6.8,0.455,0.472,1.8,2.3,0.811,0.6,2.4,3,3.2,0.6,0.1,2,1.5,11.6,13.8,0.512,0.339,0.219,2.9,10.9,6.9,23.5,1.2,0.3,15.1,25.3,1.9,0.052
Jae Crowder,2012-13,SF,22,78,16,17.3,1.8,4.7,0.384,0.8,2.5,0.328,1,2.2,0.446,0.47,0.6,0.9,0.644,0.4,1.9,2.4,1.2,0.8,0.2,0.6,1.6,5,10.2,0.491,0.523,0.199,2.9,12.3,7.7,10,2.4,1,10.9,15.1,1.5,0.055
Dante Cunningham,2012-13,PF,25,80,9,25.1,3.9,8.4,0.468,0,0.1,0,3.9,8.3,0.472,0.468,0.8,1.3,0.65,1.8,3.3,5.1,0.8,1.1,0.5,0.7,1.9,8.7,13.3,0.485,0.009,0.154,7.8,15.6,11.6,5.7,2.2,1.5,7.3,17.2,3.5,0.084
Jared Cunningham,2012-13,SG,21,8,0,3.3,0.8,1.8,0.429,0.3,0.4,0.667,0.5,1.4,0.364,0.5,0.3,0.3,1,0.1,0.3,0.4,0.1,0.1,0,0.3,0.4,2,14.8,0.538,0.214,0.143,4.4,8.4,6.4,6.8,2,0,11.8,29.6,0,0.033
Eddy Curry,2012-13,C,30,2,0,12.5,2,4,0.5,0,0,,2,4,0.5,0.5,0.5,2,0.25,1,1,2,0,0,0,1.5,3.5,4.5,-0.2,0.461,0,0.5,9.1,8.7,8.9,0,0,0,23.5,23.3,-0.1,-0.146
Stephen Curry,2012-13,PG,24,78,78,38.2,8,17.8,0.451,3.5,7.7,0.453,4.5,10.1,0.449,0.549,3.4,3.7,0.9,0.8,3.3,4,6.9,1.6,0.2,3.1,2.5,22.9,21.3,0.589,0.432,0.21,2.3,9.1,5.8,31.1,2.1,0.3,13.7,26.4,11.2,0.18
Samuel Dalembert,2012-13,C,31,47,23,16.3,2.9,5.4,0.542,0,0,1,2.9,5.4,0.54,0.543,0.8,1.2,0.691,2.2,3.6,5.9,0.4,0.4,1.1,1.1,1.9,6.7,18.6,0.565,0.004,0.217,14.2,24.9,19.4,4.5,1.1,5.1,15.5,18.7,2.2,0.137
Marquis Daniels,2012-13,SF,32,59,33,18.4,2.2,5.9,0.376,0.3,1.2,0.278,1.9,4.7,0.401,0.405,0.7,0.9,0.741,0.8,1.7,2.5,1.1,0.9,0.2,0.8,1.3,5.5,9.2,0.432,0.205,0.154,4.6,10.5,7.4,9,2.4,0.7,10.7,16.9,0.5,0.023
Anthony Davis,2012-13,PF,19,64,60,28.8,5.5,10.6,0.516,0,0.1,0,5.5,10.5,0.521,0.516,2.6,3.5,0.751,2.6,5.6,8.2,1,1.2,1.8,1.4,2.5,13.5,21.7,0.559,0.009,0.333,10.5,23.5,16.8,6.1,2.2,5.1,10.3,21.8,6.1,0.159
Ed Davis,2012-13,C-PF,23,81,28,20.1,3.2,6,0.539,0,0,,3.2,6,0.539,0.539,1.3,2.1,0.617,1.9,3.8,5.7,0.8,0.5,1,0.8,2.4,7.7,17.8,0.561,0,0.346,10.9,22.8,16.7,6.7,1.2,4.2,10.2,17.6,5.4,0.159
Glen Davis,2012-13,PF,27,34,33,31.3,6.3,14.1,0.448,0,0.1,0,6.3,14,0.45,0.448,2.5,3.4,0.718,1.6,5.6,7.2,2.1,0.9,0.6,1.9,2.6,15.1,15,0.483,0.004,0.245,5.8,20.3,13.1,11.3,1.6,1.5,10.8,25.4,0.8,0.035
Austin Daye,2012-13,SF,24,55,0,12.3,1.6,3.8,0.433,0.7,1.8,0.418,0.9,2,0.445,0.531,0.5,0.6,0.765,0.3,1.9,2.2,0.8,0.3,0.4,0.5,1.5,4.5,12.9,0.554,0.471,0.163,2.7,18.8,10.6,10.1,1.1,2.6,11.5,17.1,1.6,0.117
Nando De Colo,2012-13,SG,25,72,6,12.8,1.5,3.3,0.436,0.4,1.1,0.378,1,2.2,0.465,0.5,0.5,0.6,0.795,0.3,1.6,1.9,1.9,0.6,0.1,1.1,1.2,3.8,11.1,0.53,0.34,0.183,3.1,13.7,8.7,21.6,2.3,0.5,23.7,17.1,1.3,0.07
Carlos Delfino,2012-13,SF,30,67,5,25.2,3.7,9.3,0.405,2.4,6.3,0.375,1.4,3,0.467,0.532,0.7,0.8,0.857,0.3,3,3.3,2,1,0.1,1.1,1.7,10.6,13.3,0.549,0.679,0.09,1.2,13.4,7.4,12.5,2,0.4,10,18.6,3.5,0.101
Luol Deng,2012-13,SF,27,75,75,38.7,6.2,14.6,0.426,1,3.1,0.322,5.2,11.5,0.455,0.461,3.1,3.8,0.816,2.2,4.2,6.3,3,1.1,0.4,1.9,1.4,16.5,15.1,0.508,0.213,0.258,6.3,12.6,9.4,13.2,1.5,0.8,10.6,21.5,6.3,0.105
Justin Dentmon,2012-13,PG,27,2,0,2,0,1,0,0,0,,0,1,0,0,0,0,,0,0,0,0,0,0,0,0,0,-19.4,0,0,0,0,0,0,0,0,0,0,22.8,0,-0.571
DeMar DeRozan,2012-13,SG,23,82,82,36.7,6.7,15,0.445,0.4,1.5,0.283,6.3,13.5,0.463,0.459,4.3,5.2,0.831,0.6,3.3,3.9,2.5,0.9,0.3,1.8,2.1,18.1,14.7,0.523,0.097,0.347,1.9,10.9,6.3,12,1.3,0.6,9.6,24.2,4.7,0.075
Boris Diaw,2012-13,PF,30,75,20,22.8,2.4,4.4,0.539,0.4,1,0.385,2,3.4,0.587,0.584,0.6,0.9,0.723,0.9,2.5,3.4,2.4,0.7,0.4,1.1,1.9,5.8,11.9,0.603,0.235,0.196,4.7,12,8.6,15,1.6,1.1,18.9,12,4.4,0.124
DeSagana Diop,2012-13,C,31,22,1,10.3,0.4,1.2,0.296,0,0,0,0.4,1.2,0.308,0.296,0,0,0,0.5,1.9,2.3,0.6,0.2,0.7,0.4,0.9,0.7,6.6,0.292,0.037,0.037,4.9,21.4,12.9,8.5,1.2,5.7,22.6,7.1,-0.1,-0.017
Keyon Dooling,2012-13,PG,32,7,0,11.7,1.4,3,0.476,0.7,1.7,0.417,0.7,1.3,0.556,0.595,0.9,1,0.857,0,0.1,0.1,1.1,0.1,0,0.7,1.1,4.4,11.2,0.644,0.571,0.333,0,1.5,0.7,15.6,0.7,0,17.2,16.4,0.2,0.128
Toney Douglas,2012-13,PG,26,71,0,18.2,2.6,6.6,0.403,1.2,3,0.38,1.5,3.5,0.424,0.491,1.1,1.2,0.905,0.5,1.5,1.9,2.1,1,0,1.1,2,7.5,13.4,0.531,0.464,0.18,3,9.2,6.1,18.3,2.8,0.2,13.9,19.9,2.4,0.089
Chris Douglas-Roberts,2012-13,SG,26,6,0,10.5,0.8,2.3,0.357,0,0.7,0,0.8,1.7,0.5,0.357,1.2,1.7,0.7,0,0.8,0.8,0.7,0.3,0,0.2,0.7,2.8,8.3,0.462,0.286,0.714,0,8.7,4.4,8.9,1.6,0,5.2,14,0.1,0.041
Goran Dragić,2012-13,PG,26,77,77,33.5,5.2,11.8,0.443,1.1,3.6,0.319,4.1,8.2,0.497,0.491,3.2,4.2,0.748,0.8,2.3,3.1,7.4,1.6,0.3,2.8,2.8,14.7,17.5,0.54,0.305,0.36,2.6,8,5.2,35.7,2.5,0.8,16.8,21.7,5.7,0.106
Andre Drummond,2012-13,C,19,60,10,20.7,3.5,5.7,0.608,0,0,0.5,3.5,5.7,0.609,0.61,1,2.7,0.371,2.8,4.8,7.6,0.5,1,1.6,1,2.4,7.9,21.6,0.578,0.006,0.465,15.4,27.2,21.2,4.1,2.5,6.1,12.2,17.2,4.5,0.172
Jared Dudley,2012-13,SF,27,79,50,27.5,4,8.5,0.468,1.3,3.4,0.391,2.6,5,0.52,0.547,1.6,2.1,0.796,1,2.1,3.1,2.6,0.9,0.1,1.3,1.6,10.9,14.9,0.582,0.405,0.242,4.1,8.9,6.4,14.9,1.8,0.3,12,17.2,4.8,0.106
Chris Duhon,2012-13,PG,30,46,9,17.8,1,2.7,0.382,0.7,2,0.363,0.3,0.7,0.438,0.516,0.1,0.3,0.462,0.2,1.2,1.5,2.9,0.4,0,0.9,1.2,2.9,8,0.517,0.74,0.106,1.5,7.5,4.6,22.8,1.2,0.1,23.7,9.2,1,0.056
Tim Duncan,2012-13,C,36,69,69,30.1,7.1,14.1,0.502,0,0.1,0.286,7.1,14,0.504,0.503,3.6,4.3,0.817,1.8,8.1,9.9,2.7,0.7,2.7,2.1,1.7,17.8,24.4,0.554,0.007,0.307,7.3,29.6,19.1,15.5,1.2,6.4,11.7,27.8,8.3,0.191
Mike Dunleavy,2012-13,SF,32,75,3,25.9,3.7,8.3,0.442,1.7,4,0.428,2,4.3,0.455,0.545,1.4,1.7,0.82,0.4,3.5,3.9,1.9,0.5,0.5,1.2,1.8,10.5,13.6,0.577,0.479,0.205,1.7,14.9,8,11.5,1,1.3,11.7,17.3,4.4,0.109
Kevin Durant,2012-13,SF,24,81,81,38.5,9,17.7,0.51,1.7,4.1,0.416,7.3,13.6,0.539,0.559,8.4,9.3,0.905,0.6,7.3,7.9,4.6,1.4,1.3,3.5,1.8,28.1,28.3,0.647,0.233,0.523,1.8,20.3,11.8,21.7,1.9,2.6,13.7,29.8,18.9,0.291
Devin Ebanks,2012-13,SF,23,19,3,10.4,1.3,3.8,0.329,0.3,1.2,0.273,0.9,2.7,0.353,0.37,0.6,0.7,0.786,0.5,1.6,2.2,0.5,0.2,0.1,0.6,1.2,3.4,6.3,0.411,0.301,0.192,5.7,16.9,11.5,7.8,0.8,0.4,12.2,20.4,-0.1,-0.025
Wayne Ellington,2012-13,SG,25,78,21,21.3,2.9,6.8,0.427,1.2,3.1,0.392,1.7,3.7,0.457,0.516,0.9,1,0.907,0.3,1.8,2.1,1.3,0.6,0,0.7,1,7.9,12.2,0.546,0.454,0.142,1.7,10.3,5.8,10.1,1.4,0.1,9.2,16.8,3.2,0.093
Monta Ellis,2012-13,SG,27,82,82,37.5,7.3,17.5,0.416,1.1,4,0.287,6.1,13.5,0.454,0.448,3.5,4.6,0.773,0.5,3.3,3.9,6,2.1,0.4,3.1,2,19.2,16.2,0.493,0.228,0.26,1.5,9.8,5.5,27.1,2.8,0.9,13.7,26.3,4.6,0.071
Kim English,2012-13,SG,24,41,0,9.9,1,2.7,0.375,0.3,1.2,0.28,0.7,1.5,0.452,0.438,0.5,0.7,0.724,0.2,0.7,0.9,0.6,0.4,0.1,0.5,1.1,2.9,7.9,0.477,0.446,0.259,2.2,8.4,5.2,9.8,2.1,0.6,13.2,16.1,0.2,0.021
Jeremy Evans,2012-13,PF,25,37,0,5.8,0.7,1.2,0.614,0,0,0,0.7,1.2,0.628,0.614,0.6,0.9,0.636,0.7,0.9,1.6,0.3,0.2,0.4,0.2,0.8,2,19.9,0.641,0.023,0.75,14,17.6,15.8,8,2,4.8,12,14.1,0.9,0.208
Reggie Evans,2012-13,PF,32,80,56,24.6,1.6,3.3,0.479,0,0,,1.6,3.3,0.479,0.479,1.4,2.8,0.509,3.3,7.9,11.1,0.5,0.9,0.2,1.4,2.5,4.5,12.8,0.506,0,0.851,15.5,38,26.7,3.2,2,0.5,23.6,11,4.3,0.105
Tyreke Evans,2012-13,SG,23,65,61,31,5.6,11.8,0.478,0.7,2,0.338,4.9,9.7,0.508,0.508,3.2,4.2,0.775,0.9,3.6,4.4,3.5,1.4,0.4,2,2,15.2,18.1,0.558,0.174,0.354,3.1,13.5,8.2,19,2.3,1,12.6,22.3,4.4,0.105
Festus Ezeli,2012-13,C,23,78,41,14.4,0.9,2.2,0.438,0,0,,0.9,2.2,0.438,0.438,0.6,1,0.531,1.8,2.2,4,0.3,0.3,0.9,0.8,2,2.4,9.3,0.467,0,0.479,14.3,16.4,15.4,2.7,1,5.2,23.5,10.7,1.5,0.066
Kenneth Faried,2012-13,PF,23,80,80,28.1,4.8,8.6,0.552,0,0,,4.8,8.6,0.552,0.552,2,3.3,0.613,3.3,5.9,9.2,1,1,1,1.4,2.9,11.5,18.5,0.573,0,0.386,13.2,23.2,18.3,5.1,1.8,2.9,12.3,17.7,7.8,0.167
Derrick Favors,2012-13,PF,21,77,8,23.2,3.6,7.4,0.482,0,0.1,0,3.6,7.3,0.487,0.482,2.3,3.4,0.688,2.4,4.7,7.1,1,0.9,1.7,1.7,3.2,9.4,17.5,0.533,0.009,0.458,11.9,24,17.9,6.8,2,5.7,15.9,20.6,4.4,0.117
Raymond Felton,2012-13,PG,28,68,68,34,5.5,13,0.427,1.4,3.8,0.36,4.2,9.2,0.455,0.48,1.5,1.9,0.789,0.8,2.1,2.9,5.5,1.4,0.2,2.3,1.9,13.9,15.2,0.505,0.293,0.145,2.5,7.5,4.9,27,2.2,0.5,14.2,22.1,4.2,0.087
Landry Fields,2012-13,SF,24,51,22,20.3,2,4.4,0.457,0,0.3,0.143,2,4.1,0.478,0.462,0.7,1,0.642,1.2,2.9,4.1,1.2,0.6,0.2,0.8,1.2,4.7,10.3,0.487,0.063,0.238,6.7,17.4,11.9,8.9,1.6,0.6,14.6,12.9,1.1,0.052
Derek Fisher,2012-13,SG-PG,38,33,9,17.4,1.7,4.9,0.342,0.9,2.4,0.375,0.8,2.5,0.309,0.435,1.1,1.2,0.921,0.1,1.1,1.1,1.4,0.6,0.1,0.9,1.7,5.3,7.7,0.492,0.497,0.236,0.4,6.6,3.6,11.7,1.7,0.4,14.4,16.4,0.4,0.034
Evan Fournier,2012-13,SG,20,38,4,11.3,2,4,0.493,0.6,1.4,0.407,1.4,2.6,0.541,0.566,0.8,1,0.769,0.2,0.8,0.9,1.2,0.5,0,0.8,1.7,5.3,13.8,0.597,0.355,0.257,1.6,7.4,4.6,15.5,2.2,0.2,15.9,20.4,1,0.115
Randy Foye,2012-13,SG,29,82,72,27.4,3.6,9,0.397,2.2,5.3,0.41,1.4,3.7,0.378,0.518,1.4,1.8,0.819,0.2,1.3,1.5,2,0.8,0.3,1.1,2.3,10.8,11.7,0.55,0.588,0.195,0.9,5.8,3.3,11.7,1.5,0.9,10.3,18.1,3.7,0.08
Jimmer Fredette,2012-13,SG,23,69,0,14,2.5,5.9,0.421,0.9,2.3,0.417,1.6,3.7,0.423,0.5,1.2,1.4,0.859,0.3,0.8,1,1.3,0.4,0,1,0.9,7.2,14.6,0.546,0.381,0.242,2.2,6.4,4.2,15.9,1.6,0.2,13.1,23.9,1.1,0.052
Enes Freedom,2012-13,C,20,70,2,15.4,2.9,5.4,0.544,0,0,1,2.9,5.4,0.542,0.545,1.3,1.7,0.795,1.9,2.4,4.3,0.4,0.4,0.5,1.4,1.7,7.2,17.6,0.588,0.003,0.309,14.5,18.6,16.5,5,1.4,2.3,19,22.4,2.3,0.101
Joel Freeland,2012-13,PF,25,51,1,9.4,1.1,2.8,0.408,0,0,,1.1,2.8,0.408,0.408,0.4,0.5,0.667,0.8,1.5,2.3,0.3,0.3,0.2,0.4,1.3,2.6,9.3,0.435,0,0.19,9.6,19.5,14.5,4.3,1.4,1.7,11,16.6,0.2,0.022
Danilo Gallinari,2012-13,SF,24,71,71,32.5,5.1,12.3,0.418,1.9,5.1,0.373,3.2,7.2,0.45,0.495,4,4.9,0.822,0.9,4.3,5.2,2.5,0.9,0.5,1.6,1.8,16.2,16.7,0.561,0.416,0.4,3.2,14.4,8.9,11.2,1.4,1.2,9.8,21.3,7.2,0.151
Francisco García,2012-13,SG-SF,31,58,20,17.7,2,5.2,0.393,1.2,3.1,0.374,0.9,2.1,0.421,0.505,0.3,0.4,0.857,0.1,1.4,1.6,1.1,0.8,0.7,0.6,1.5,5.5,11,0.519,0.597,0.07,0.9,9.4,5.1,9.2,2.3,2.9,9.4,14.7,1.3,0.059
Kevin Garnett,2012-13,C,36,68,68,29.7,6.2,12.5,0.496,0,0.2,0.125,6.2,12.3,0.504,0.498,2.3,3,0.786,1.1,6.7,7.8,2.3,1.1,0.9,1.6,2.3,14.8,19.2,0.535,0.019,0.236,4.5,25.8,15.5,14.4,2,2.4,10.5,24.5,5.6,0.133
Diante Garrett,2012-13,PG,24,19,0,7.8,0.8,2.6,0.327,0.2,0.8,0.2,0.7,1.8,0.382,0.357,0.3,0.5,0.5,0.3,0.5,0.8,1.6,0.5,0,0.8,0.3,2.1,9,0.375,0.306,0.204,3.7,7.8,5.7,31.3,3.4,0,23.1,20.7,-0.2,-0.073
Marc Gasol,2012-13,C,28,80,80,35,5.4,10.9,0.494,0,0.2,0.071,5.4,10.7,0.501,0.494,3.4,4,0.848,2.3,5.5,7.8,4,1,1.7,2,3.2,14.1,19.5,0.559,0.016,0.364,7.6,18.9,13.1,19.1,1.6,4.1,13.5,19.2,11.5,0.197
Pau Gasol,2012-13,PF,32,49,42,33.8,5.5,11.8,0.466,0.2,0.6,0.286,5.3,11.2,0.475,0.473,2.6,3.6,0.702,2.3,6.3,8.6,4.1,0.5,1.2,2.1,1.9,13.7,16.7,0.512,0.048,0.307,7.6,20.1,14,19.9,0.7,2.7,13.7,20.5,3.7,0.107
Rudy Gay,2012-13,SF,26,75,74,35.8,6.9,16.7,0.416,1.1,3.5,0.323,5.8,13.2,0.44,0.449,3.2,3.9,0.814,1.3,4.8,6.1,2.7,1.5,0.7,2.6,2.4,18.2,15.6,0.494,0.208,0.235,4.3,16.3,10.2,13.6,2.3,1.6,12.5,27.2,4,0.072
Alonzo Gee,2012-13,SF,25,82,82,31,3.7,9.1,0.41,0.8,2.7,0.315,2.9,6.4,0.45,0.456,2,2.5,0.795,0.9,3,3.9,1.6,1.3,0.4,1.6,2.4,10.3,10.5,0.505,0.294,0.276,3.3,11.7,7.3,8.2,2.2,0.9,13.7,16.9,1.9,0.036
Mickaël Gelabale,2012-13,SF,29,36,13,17.9,2,3.9,0.518,0.4,1.4,0.308,1.6,2.4,0.644,0.576,0.6,0.7,0.875,0.9,1.9,2.8,0.7,0.4,0.1,0.4,1.3,5,11.8,0.605,0.374,0.173,5.5,12.3,8.8,6.4,1.3,0.5,9.7,11.5,1.5,0.114
Paul George,2012-13,SF,22,79,79,37.6,6.2,14.9,0.419,2.2,5.9,0.362,4.1,8.9,0.457,0.491,2.8,3.5,0.807,1.1,6.5,7.6,4.1,1.8,0.6,2.9,2.9,17.4,16.8,0.531,0.399,0.233,3.4,19,11.3,19.6,2.6,1.3,15.2,23.5,9,0.145
Daniel Gibson,2012-13,PG,26,46,3,20,1.8,5.4,0.34,1.2,3.5,0.344,0.6,1.8,0.333,0.453,0.6,0.8,0.703,0.1,1.2,1.3,1.8,0.7,0.1,0.7,1.9,5.4,7.7,0.475,0.66,0.15,0.6,7.3,3.8,13.4,1.7,0.4,10.5,14.3,0.5,0.026
Taj Gibson,2012-13,PF,27,65,5,22.4,3.3,6.8,0.485,0,0.1,0,3.3,6.7,0.49,0.485,1.4,2,0.679,1.9,3.4,5.3,0.9,0.4,1.4,1.2,2.6,8,14.4,0.518,0.009,0.297,9.7,17.5,13.6,7.1,1,4.7,13.2,18.1,3.3,0.109
Manu Ginóbili,2012-13,SG,35,60,0,23.2,3.8,9,0.425,1.4,3.9,0.353,2.4,5.1,0.48,0.502,2.7,3.4,0.796,0.5,2.9,3.4,4.6,1.3,0.2,2.2,1.9,11.8,19,0.56,0.436,0.382,2.6,13.4,8.3,30.6,2.9,0.7,17.3,25.2,4.5,0.155
Drew Gooden,2012-13,C,31,16,0,9.4,1.3,3.8,0.328,0.1,0.3,0.2,1.2,3.5,0.339,0.336,0.7,1,0.688,0.8,1.1,1.9,0.4,0.3,0.4,0.6,1.3,3.3,7.7,0.382,0.082,0.262,8.9,13.3,11,6.1,1.7,2.9,11.7,22.2,-0.1,-0.034
Ben Gordon,2012-13,SG,29,75,0,20.8,4.1,10.1,0.408,1.5,3.9,0.387,2.6,6.2,0.421,0.482,1.4,1.7,0.843,0.2,1.5,1.7,1.9,0.5,0.2,1.8,1.8,11.2,12.7,0.515,0.384,0.167,1.3,8.5,4.8,17.6,1.2,0.8,14.3,27.8,-0.6,-0.018
Eric Gordon,2012-13,SG,24,42,40,30.1,5.6,13.9,0.402,1.3,4.1,0.324,4.3,9.8,0.436,0.45,4.5,5.3,0.842,0.2,1.6,1.8,3.3,1.1,0.2,2.8,1.8,17,15.4,0.523,0.296,0.38,0.9,6.4,3.6,19.3,1.9,0.5,14.6,29.4,1.1,0.042
Marcin Gortat,2012-13,C,28,61,61,30.8,4.8,9.3,0.521,0,0,0,4.8,9.2,0.524,0.521,1.5,2.3,0.652,2.1,6.4,8.5,1.2,0.7,1.6,1.6,2.1,11.1,15.4,0.543,0.005,0.244,7.6,24,15.6,6.5,1.1,3.9,13.6,17.2,3.4,0.086
Andrew Goudelock,2012-13,SG,24,1,0,6,0,2,0,0,0,,0,2,0,0,0,0,,1,0,1,0,0,0,0,0,0,-6.4,0,0,0,18.9,0,9.2,0,0,0,0,14.8,0,-0.264
Danny Granger,2012-13,SF,29,5,0,14.8,2,7,0.286,0.4,2,0.2,1.6,5,0.32,0.314,1,1.6,0.625,0.6,1.2,1.8,0.6,0.4,0.2,0.8,1.2,5.4,4,0.35,0.286,0.229,4.6,8.9,6.8,6.9,1.4,1,9.4,26.2,-0.1,-0.075
Aaron Gray,2012-13,C,28,42,16,12.2,1.1,2.1,0.533,0,0,,1.1,2.1,0.533,0.533,0.5,1,0.523,1.1,2,3.2,0.8,0.2,0.1,0.9,2,2.8,9,0.544,0,0.489,10.9,20,15.4,9.9,0.7,0.8,24.8,13.1,0.5,0.05
Danny Green,2012-13,SG,25,80,80,27.5,3.7,8.3,0.448,2.2,5.2,0.429,1.5,3.1,0.48,0.581,0.8,1,0.848,0.5,2.6,3.1,1.8,1.2,0.7,1.2,1.6,10.5,14.1,0.6,0.623,0.119,2,10.3,6.4,9.5,2.1,1.8,11.9,16.6,5.9,0.128
Draymond Green,2012-13,SF,22,79,1,13.4,1.1,3.3,0.327,0.2,0.8,0.209,0.9,2.4,0.368,0.354,0.6,0.7,0.818,0.7,2.6,3.3,0.7,0.5,0.3,0.6,2,2.9,7.1,0.404,0.261,0.214,6.2,20.3,13.5,7,2,1.8,15.4,14,0.6,0.028
Gerald Green,2012-13,SF,27,60,7,18,2.6,7.1,0.366,1,3.1,0.314,1.6,3.9,0.407,0.435,0.9,1.1,0.8,0.5,1.8,2.4,0.8,0.3,0.4,0.9,1.1,7,9.9,0.465,0.443,0.153,3.3,11.1,7.3,7.9,0.9,1.6,10.5,21.3,1.3,0.056
Jeff Green,2012-13,PF,26,81,17,27.8,4.6,10,0.467,0.9,2.2,0.385,3.8,7.7,0.49,0.51,2.6,3.3,0.808,0.7,3.2,3.9,1.6,0.7,0.8,1.6,2.2,12.8,15,0.561,0.226,0.329,3,13.4,8.3,9.6,1.3,2.4,12.5,22.2,4.7,0.099
Willie Green,2012-13,SG,31,72,60,16.5,2.5,5.4,0.461,1,2.3,0.428,1.5,3.1,0.486,0.553,0.3,0.4,0.719,0.2,1.1,1.3,0.8,0.4,0.2,0.4,1.3,6.3,11.8,0.562,0.43,0.083,1.7,7.9,4.9,7.1,1.3,0.8,7.2,16.6,2.5,0.103
Blake Griffin,2012-13,PF,23,80,80,32.5,7.2,13.4,0.538,0.1,0.4,0.179,7.2,13.1,0.548,0.541,3.5,5.3,0.66,2.3,6,8.3,3.7,1.2,0.6,2.3,2.9,18,22.4,0.572,0.026,0.397,8.7,21.5,15.2,19.9,2,1.6,12.8,25.4,10.6,0.196
Hamed Haddadi,2012-13,C,27,30,0,10.7,1.2,2.7,0.427,0,0,,1.2,2.7,0.427,0.427,0.5,0.9,0.519,1.4,2.3,3.7,0.4,0.2,0.9,1,2,2.8,10.2,0.447,0,0.329,15,24.7,19.8,5.7,1,6.4,24.8,17.4,0.1,0.01
Jordan Hamilton,2012-13,SF,22,40,1,9.9,2.1,5,0.418,0.7,1.8,0.37,1.4,3.2,0.445,0.485,0.3,0.7,0.5,0.8,1.6,2.4,0.6,0.4,0.2,0.5,0.6,5.2,16.9,0.49,0.363,0.129,9.2,17.4,13.4,9.2,1.9,1.6,8.2,25.3,0.8,0.1
Richard Hamilton,2012-13,SG,34,50,45,21.8,4.1,9.5,0.429,0.3,1,0.308,3.8,8.5,0.444,0.446,1.3,1.5,0.857,0.3,1.3,1.7,2.4,0.5,0.1,1.7,1.9,9.8,10.6,0.481,0.109,0.162,1.7,7.2,4.4,19.9,1.2,0.3,14.2,25,0.4,0.016
Ben Hansbrough,2012-13,PG,25,28,0,7.1,0.5,1.6,0.333,0.2,0.8,0.261,0.3,0.8,0.409,0.4,0.8,1,0.778,0.1,0.6,0.6,0.8,0.3,0.1,0.6,0.8,2,7.2,0.501,0.511,0.6,1.1,8.8,5,16.1,1.9,0.7,24,17.1,0.2,0.044
Tyler Hansbrough,2012-13,PF,27,81,8,16.9,2.2,5,0.432,0,0,0,2.2,5,0.436,0.432,2.7,3.7,0.72,2,2.6,4.6,0.4,0.4,0.2,1,1.9,7,15.3,0.527,0.007,0.737,13.4,17,15.2,4.4,1.1,1,12.6,20.6,4.4,0.154
James Harden,2012-13,SG,23,78,78,38.3,7.5,17.1,0.438,2.3,6.2,0.368,5.2,10.9,0.477,0.504,8.6,10.2,0.851,0.8,4.1,4.9,5.8,1.8,0.5,3.8,2.3,25.9,22.9,0.6,0.364,0.592,2.4,11.9,7.2,25.7,2.4,1,14.9,29,12.8,0.206
Maurice Harkless,2012-13,SF,19,76,59,26,3.4,7.4,0.461,0.4,1.5,0.274,3,5.9,0.51,0.489,1,1.7,0.57,1.6,2.8,4.4,0.7,1.2,0.8,0.9,1.9,8.2,12.5,0.504,0.207,0.227,7,12.2,9.6,3.9,2.3,2.4,10,15.9,2.4,0.059
Josh Harrellson,2012-13,C,23,6,0,5.2,0.7,1.5,0.444,0.2,0.8,0.2,0.5,0.7,0.75,0.5,0.2,0.3,0.5,0.5,0.7,1.2,0,0.2,0.2,0.5,0.7,1.7,8.5,0.506,0.556,0.222,12.6,15,13.9,0,1.7,2.6,23.3,19.9,0,0.002
Al Harrington,2012-13,C,32,10,0,11.9,2,5.7,0.351,0.8,3,0.267,1.2,2.7,0.444,0.421,0.3,0.4,0.75,0.6,2.1,2.7,1,0.4,0.1,0.7,1.8,5.1,10.3,0.434,0.526,0.07,5.7,19.9,12.8,13.7,1.8,0.6,10.6,25.1,0,-0.012
Devin Harris,2012-13,SG,29,58,34,24.5,3.3,7.6,0.438,1.3,4,0.335,2,3.7,0.549,0.525,1.9,2.7,0.727,0.1,1.9,2,3.4,1.1,0.2,1.5,1.8,9.9,14.6,0.565,0.519,0.348,0.5,8.7,4.7,21.7,2.3,0.7,14.7,19.5,3.3,0.111
Terrel Harris,2012-13,SG,25,20,0,6.9,0.2,1.4,0.148,0,0.4,0,0.2,1,0.211,0.148,0.4,0.5,0.7,0.2,1.1,1.3,0.5,0.1,0.2,0.9,0.9,0.8,-3.8,0.239,0.296,0.37,3.8,19.3,11.4,9,0.8,1.8,35.1,16.6,-0.6,-0.219
Tobias Harris,2012-13,SF-PF,20,55,34,23.6,4.2,9.3,0.455,0.6,2,0.315,3.6,7.3,0.493,0.488,1.9,2.5,0.752,1.3,3.9,5.2,1.3,0.6,0.8,1.2,2.2,11,16,0.527,0.211,0.268,6.2,18.6,12.4,8.8,1.3,2.6,10.3,22.1,2.4,0.089
Udonis Haslem,2012-13,PF,32,75,59,18.9,1.7,3.3,0.514,0,0,,1.7,3.3,0.514,0.514,0.4,0.6,0.711,1.3,4.1,5.4,0.5,0.4,0.2,0.6,2.3,3.9,9.9,0.535,0,0.179,9,25.3,17.6,3.8,1.1,0.9,14.2,10.7,3.2,0.108
Spencer Hawes,2012-13,C,24,82,40,27.2,4.6,9.9,0.464,0.4,1.1,0.356,4.2,8.8,0.477,0.483,1.5,1.9,0.777,2.1,5.1,7.2,2.2,0.3,1.4,1.6,2.8,11,16,0.514,0.107,0.194,8.5,21.7,14.9,13.5,0.6,3.9,13,20.9,4.5,0.096
Chuck Hayes,2012-13,C,29,74,1,16.3,1.1,2.6,0.442,0,0,0,1.1,2.6,0.444,0.442,0.4,0.6,0.625,1.5,2.5,4,1.5,0.4,0.2,0.6,1.5,2.7,10.7,0.469,0.005,0.253,10.5,18.2,14.2,13.1,1.3,1.2,17.2,9.4,1.5,0.06
Gordon Hayward,2012-13,SF,22,72,27,29.2,4.7,10.7,0.435,1.4,3.4,0.415,3.3,7.3,0.444,0.501,3.4,4.1,0.827,0.7,2.4,3.1,3,0.8,0.5,1.7,1.7,14.1,16.8,0.564,0.318,0.38,2.8,9.8,6.3,16.7,1.5,1.4,11.7,22.1,5.4,0.123
Lazar Hayward,2012-13,SF,26,4,0,7.8,0.5,2.5,0.2,0,1,0,0.5,1.5,0.333,0.2,1.5,1.5,1,0,1,1,0.8,0.5,0,0,0.8,2.5,11.2,0.396,0.4,0.6,0,15.2,7.4,14.2,3.3,0,0,18.3,0.1,0.087
Brendan Haywood,2012-13,C,33,61,17,19,1.5,3.5,0.431,0,0,0,1.5,3.5,0.433,0.431,0.5,1.1,0.455,2,2.7,4.8,0.5,0.3,0.8,0.8,2,3.5,8.7,0.441,0.005,0.306,12,16.7,14.3,3.9,0.7,3.4,16.9,11.5,0.1,0.006
Gerald Henderson,2012-13,SG,25,68,58,31.4,5.6,12.6,0.447,0.5,1.5,0.33,5.1,11.1,0.462,0.466,3.8,4.6,0.824,0.8,2.9,3.7,2.6,1,0.5,1.6,2.2,15.5,16.4,0.531,0.117,0.366,2.9,10.8,6.7,15.6,1.7,1.3,9.8,23.5,3.3,0.073
Xavier Henry,2012-13,SF,21,50,2,12.5,1.3,3.2,0.41,0.1,0.2,0.364,1.2,3,0.413,0.422,1.2,1.8,0.63,0.4,1.4,1.8,0.3,0.3,0.1,0.6,1.4,3.9,7.6,0.481,0.068,0.571,3.9,13.4,8.6,3.2,1.4,0.7,13.3,17.3,0,0.002
John Henson,2012-13,PF,22,63,9,13.1,2.6,5.3,0.482,0,0,0,2.6,5.3,0.486,0.482,0.9,1.7,0.533,1.8,2.9,4.7,0.5,0.3,0.7,0.7,1.3,6,18.2,0.497,0.009,0.313,14.5,24.4,19.3,6.3,1.2,3.7,11,22.6,1.9,0.109
Roy Hibbert,2012-13,C,26,79,79,28.7,4.9,10.9,0.448,0,0.1,0.25,4.9,10.8,0.449,0.449,2.1,2.8,0.741,3.7,4.6,8.3,1.4,0.5,2.6,2.1,3.5,11.9,17.3,0.489,0.005,0.261,14.8,17.4,16.1,8.9,0.9,6.7,14.5,22.5,6.1,0.129
J.J. Hickson,2012-13,C,24,80,80,29,5.2,9.3,0.562,0,0,0,5.2,9.3,0.563,0.562,2.3,3.4,0.679,3.3,7,10.4,1.1,0.6,0.6,1.8,2,12.7,19.7,0.591,0.003,0.36,13.2,28.5,20.7,6.6,1.1,1.7,14.4,19.9,6.9,0.142
Cory Higgins,2012-13,SG,23,6,0,5.3,1,3.2,0.316,0.2,0.8,0.2,0.8,2.3,0.357,0.342,0.2,0.3,0.5,0.2,0.3,0.5,0.8,0.5,0,0,0.8,2.3,12.6,0.352,0.263,0.105,3.5,7.4,5.4,29.8,4.9,0,0,28.3,0,-0.022
Nenê,2012-13,PF,30,61,49,27.2,4.7,9.7,0.48,0,0,0,4.7,9.7,0.481,0.48,3.2,4.4,0.729,1.7,5,6.7,2.9,0.9,0.6,2.3,2.8,12.6,17,0.538,0.002,0.453,6.7,20.6,13.6,19,1.7,1.8,16.3,23.4,4,0.116
George Hill,2012-13,PG,26,76,76,34.5,5.1,11.5,0.443,1.7,4.6,0.368,3.4,6.8,0.494,0.518,2.3,2.8,0.817,0.6,3.1,3.7,4.7,1.1,0.3,1.5,1.8,14.2,16.6,0.558,0.405,0.245,2,9.9,6,23.4,1.6,0.7,10.7,18.8,9.7,0.177
Grant Hill,2012-13,SF,40,29,0,15.1,1.3,3.4,0.388,0.1,0.4,0.273,1.2,3,0.402,0.403,0.5,0.8,0.583,0.2,1.5,1.7,0.9,0.4,0.2,0.9,1.3,3.2,4.8,0.428,0.112,0.245,1.7,11.5,6.7,8.3,1.3,1.3,18.7,14,-0.1,-0.014
Jordan Hill,2012-13,PF,25,29,1,15.8,2.7,5.3,0.497,0,0.1,0,2.7,5.3,0.503,0.497,1.4,2.1,0.656,2.8,2.9,5.7,0.4,0.3,0.7,0.9,1.9,6.7,18.5,0.533,0.013,0.394,20.3,19.7,20,4.7,0.9,3,12.5,20.2,1.4,0.147
Kirk Hinrich,2012-13,PG,32,60,60,29.4,2.7,7,0.377,1.2,3,0.39,1.5,4,0.367,0.461,1.2,1.6,0.714,0.3,2.4,2.6,5.2,1.1,0.4,1.7,3.2,7.7,10.8,0.493,0.431,0.232,1,9.3,5.1,27.5,1.9,1.1,17.5,14.7,3.1,0.085
Jrue Holiday,2012-13,PG,22,78,78,37.5,7.1,16.5,0.431,1.2,3.2,0.368,5.9,13.3,0.446,0.466,2.3,3.1,0.752,1.1,3.1,4.2,8,1.6,0.4,3.7,2.2,17.7,16.7,0.496,0.192,0.188,3.3,9.5,6.4,36.5,2.2,0.9,17.3,26.6,3.3,0.055
Justin Holiday,2012-13,SG,23,9,0,15.8,1.8,5.3,0.333,0.4,1.8,0.25,1.3,3.6,0.375,0.375,0.7,0.9,0.75,0,1.6,1.6,1.7,0.3,0.7,1,0.8,4.7,7.6,0.408,0.333,0.167,0,11.5,5.6,16,1.1,3.3,14.9,19.6,-0.1,-0.042
Ryan Hollins,2012-13,C,28,60,0,11.1,1.2,1.9,0.614,0,0,,1.2,1.9,0.614,0.614,1.1,1.5,0.75,0.8,1.5,2.3,0.2,0.1,0.6,0.7,2.2,3.4,11.3,0.674,0,0.772,9.1,15.7,12.5,2.4,0.5,4.3,22.4,13.6,1.7,0.125
Tyler Honeycutt,2012-13,SF,22,9,0,3.6,0.3,1.2,0.273,0,0.2,0,0.3,1,0.333,0.273,0.2,0.2,1,0.3,0.8,1.1,0.2,0,0.1,0.6,0.2,0.9,1.9,0.337,0.182,0.182,10.5,25.8,18,9.1,0,2.4,29.6,23.4,-0.1,-0.22
Al Horford,2012-13,C,26,74,74,37.2,7.8,14.3,0.543,0,0.1,0.5,7.7,14.2,0.544,0.545,1.8,2.8,0.644,2.6,7.6,10.2,3.2,1.1,1.1,2,2.2,17.4,19.8,0.56,0.006,0.196,8.2,23,15.7,15.3,1.5,2.2,11.3,21.8,8.8,0.153
Dwight Howard,2012-13,C,27,76,76,35.8,6.2,10.7,0.578,0,0.1,0.167,6.2,10.6,0.581,0.579,4.7,9.5,0.492,3.3,9.1,12.4,1.4,1.1,2.4,3,3.8,17.1,19.4,0.573,0.007,0.887,10.4,27.4,19.1,6.6,1.6,4.9,16.6,22.2,7.6,0.134
Josh Howard,2012-13,SF,32,11,4,18.8,2.8,7,0.403,0.5,1.5,0.313,2.4,5.5,0.426,0.435,0.6,1.1,0.583,0.8,2.5,3.3,0.4,0.9,0.3,0.9,1.6,6.7,9.5,0.45,0.208,0.156,4.8,15.4,9.9,3.2,2.5,1.1,10.8,20,0,0.009
Juwan Howard,2012-13,PF,39,7,2,7.3,1.4,2.7,0.526,0,0,,1.4,2.7,0.526,0.526,0.1,0.1,1,0,1.1,1.1,0.9,0,0,0.6,1.3,3,9.9,0.54,0,0.053,0,18.3,9.7,19.8,0,0,17.1,22,0,0.039
Kris Humphries,2012-13,PF,27,65,21,18.3,2.1,4.8,0.448,0,0,0,2.1,4.7,0.451,0.448,1.5,1.9,0.789,1.9,3.7,5.6,0.5,0.2,0.5,0.9,2,5.8,13.6,0.515,0.006,0.397,12.4,23.9,18.1,4.3,0.7,2.1,13.5,16.3,2.7,0.109
Serge Ibaka,2012-13,PF,23,80,80,31.1,5.6,9.7,0.573,0.3,0.7,0.351,5.3,9,0.591,0.586,1.8,2.4,0.749,2.8,4.9,7.7,0.5,0.4,3,1.6,2.7,13.2,19.4,0.612,0.073,0.246,11.1,17,14.2,2.8,0.6,7.4,12.7,18.1,9.4,0.181
Andre Iguodala,2012-13,SG,29,80,80,34.7,5,11,0.451,1.1,3.6,0.317,3.8,7.4,0.515,0.502,1.9,3.4,0.574,1,4.3,5.3,5.4,1.7,0.7,2.6,1.6,13,15.2,0.52,0.327,0.307,3.4,13.5,8.5,22.4,2.5,1.5,17.1,18.8,5.6,0.097
Ersan İlyasova,2012-13,PF,25,73,54,27.6,5.1,11,0.462,1.3,2.9,0.444,3.8,8.1,0.469,0.521,1.7,2.2,0.796,2.1,5,7.1,1.6,0.9,0.5,1,2.5,13.2,18.3,0.552,0.267,0.196,7.9,20.3,13.9,9.6,1.7,1.3,7.9,20.5,6.7,0.159
Kyrie Irving,2012-13,PG,20,59,59,34.7,8.2,18.1,0.452,1.8,4.7,0.391,6.4,13.4,0.474,0.503,4.2,4.9,0.855,0.6,3.1,3.7,5.9,1.5,0.4,3.2,2.5,22.5,21.4,0.553,0.261,0.271,1.8,10.8,6.1,32.7,2.3,0.8,13.8,30.2,5.3,0.125
Royal Ivey,2012-13,SG,31,53,5,13.2,1.2,2.7,0.431,0.7,1.7,0.42,0.5,1.1,0.446,0.559,0.2,0.3,0.563,0.3,0.8,1.1,0.6,0.4,0.1,0.4,1.4,3.2,8.1,0.563,0.611,0.111,2.5,6.8,4.6,6.7,1.7,0.3,11.7,11.3,1,0.066
Jarrett Jack,2012-13,SG,29,79,4,29.7,4.9,10.8,0.452,1,2.6,0.404,3.9,8.3,0.466,0.499,2.1,2.5,0.843,0.3,2.8,3.1,5.6,0.8,0.1,2,1.7,12.9,15.9,0.542,0.237,0.231,1,10.1,5.7,29.9,1.3,0.4,14.3,21,5.6,0.115
Reggie Jackson,2012-13,PG,22,70,0,14.2,2.1,4.6,0.458,0.3,1.5,0.231,1.8,3.2,0.566,0.495,0.7,0.9,0.839,0.3,2.1,2.4,1.7,0.4,0.2,0.8,1.2,5.3,14.2,0.531,0.32,0.191,2.6,15.6,9.6,19.3,1.5,1,13.1,18.6,2.5,0.121
Stephen Jackson,2012-13,SF,34,55,6,19.5,2.2,6,0.373,0.8,3.1,0.271,1.4,2.9,0.481,0.442,0.9,1.3,0.7,0.4,2.4,2.8,1.5,0.7,0.3,1.4,1.6,6.2,8,0.473,0.515,0.212,2.5,13.5,8.3,10.7,1.8,0.9,17.6,18.7,0.3,0.013
Bernard James,2012-13,C,27,46,11,9.9,1.2,2.2,0.515,0,0,0,1.2,2.2,0.525,0.515,0.5,0.9,0.61,1.1,1.7,2.8,0.1,0.3,0.8,0.4,1.4,2.8,14.7,0.541,0.019,0.398,12.9,18.9,16,1.9,1.3,6.5,12.9,13.9,1.2,0.125
Damion James,2012-13,SF,25,2,0,0,0,0,,0,0,,0,0,,,0,0,,0,0.5,0.5,0,0,0,0,0,0,,,,,,,,,,,,,0,
LeBron James,2012-13,PF,28,76,76,37.9,10.1,17.8,0.565,1.4,3.3,0.406,8.7,14.5,0.602,0.603,5.3,7,0.753,1.3,6.8,8,7.3,1.7,0.9,3,1.4,26.8,31.6,0.64,0.188,0.395,4.4,20.8,13.1,36.4,2.4,1.9,12.4,30.2,19.3,0.322
Mike James,2012-13,PG,37,45,23,19.2,2.2,6,0.373,1.1,2.8,0.384,1.2,3.2,0.363,0.461,0.5,0.6,0.793,0.2,1.4,1.6,3.1,0.6,0.1,1.2,2.1,6.1,9.5,0.481,0.461,0.107,1.2,8,4.7,23.7,1.5,0.3,16.2,17.9,0.4,0.024
Antawn Jamison,2012-13,PF,36,76,6,21.5,3.5,7.6,0.464,1.1,3.1,0.361,2.4,4.5,0.535,0.537,1.2,1.8,0.691,1.4,3.3,4.8,0.7,0.4,0.3,0.7,1.6,9.4,15.3,0.561,0.405,0.237,7.5,16.6,12.2,5,0.9,1,7.7,18.7,4.3,0.126
Al Jefferson,2012-13,C,28,78,78,33.1,7.8,15.8,0.494,0,0.2,0.118,7.8,15.6,0.5,0.495,2.1,2.8,0.77,2,7.2,9.2,2.1,1,1.1,1.3,2.2,17.8,20.9,0.522,0.014,0.176,7,25.9,16.3,12,1.6,2.7,7.3,25.3,7.7,0.143
Richard Jefferson,2012-13,SF,32,56,1,10.1,1.1,2.4,0.456,0.3,0.8,0.311,0.9,1.6,0.527,0.507,0.7,0.9,0.717,0.1,1.4,1.5,0.6,0.3,0.1,0.4,0.8,3.1,10.3,0.552,0.331,0.39,1,14.9,8.1,8,1.3,1,12.6,14.4,1,0.081
Jared Jeffries,2012-13,PF,31,38,0,9.2,0.4,1.4,0.296,0,0.1,0,0.4,1.4,0.308,0.296,0.3,0.6,0.522,0.7,0.9,1.6,0.4,0.2,0.2,0.4,1.5,1.2,2.4,0.343,0.037,0.426,8.5,11.4,10,5.6,0.9,1.3,21,10.6,-0.3,-0.042
Charles Jenkins,2012-13,SG-PG,23,59,1,7.5,0.8,2.1,0.405,0,0,0.5,0.8,2,0.403,0.409,0.2,0.4,0.545,0.1,0.4,0.5,0.7,0.3,0,0.4,0.4,1.9,7.5,0.425,0.017,0.182,2,6,4,14.8,1.8,0.4,13.8,15.5,0,-0.005
John Jenkins,2012-13,SG,21,61,2,14.8,2.1,4.8,0.446,0.9,2.3,0.384,1.3,2.6,0.5,0.536,1,1.1,0.843,0.3,1.3,1.5,0.9,0.2,0.2,0.7,0.6,6.1,13,0.576,0.469,0.238,2.2,9.6,6,9.8,0.7,0.8,11,18.7,1.7,0.091
Brandon Jennings,2012-13,PG,23,80,80,36.2,6.2,15.6,0.399,2.2,5.8,0.375,4.1,9.8,0.412,0.468,2.9,3.5,0.819,0.7,2.3,3.1,6.5,1.6,0.1,2.5,1.9,17.5,16.1,0.51,0.37,0.225,2.1,7.2,4.6,29.1,2.2,0.3,12.9,23.7,5.8,0.096
Jonas Jerebko,2012-13,PF,25,49,2,18.2,2.9,6.4,0.449,0.5,1.7,0.301,2.4,4.8,0.502,0.489,1.4,1.8,0.773,1.4,2.4,3.8,0.9,0.8,0.2,0.9,1.8,7.7,15.7,0.531,0.263,0.278,8.6,15.4,11.9,8.1,2.3,0.7,10.6,20.2,2,0.107
Amir Johnson,2012-13,PF,25,81,38,28.7,4.1,7.5,0.554,0.1,0.2,0.385,4.1,7.3,0.558,0.559,1.7,2.3,0.727,2.8,4.7,7.5,1.5,1,1.4,1.4,3.7,10,17.3,0.591,0.021,0.309,11.4,20,15.6,8.7,1.8,3.8,14.5,16.1,7.3,0.151
Chris Johnson,2012-13,C,27,30,0,9.5,1.6,2.5,0.64,0,0,,1.6,2.5,0.64,0.64,0.7,1.1,0.618,0.7,1.3,2,0.3,0.2,0.9,0.4,1.6,3.9,18.4,0.65,0,0.453,7.8,16.6,12.1,4.9,1.3,7.6,12.6,16.2,1,0.176
Chris Johnson,2012-13,SF,22,8,0,12.8,1.4,3.1,0.44,0.8,2.3,0.333,0.6,0.9,0.714,0.56,0.1,0.3,0.5,0.6,0.8,1.4,0.3,0.5,0,0.4,0.6,3.6,10.7,0.56,0.72,0.08,5.7,7.1,6.4,3.1,2.1,0,10.4,13.1,0.2,0.112
Ivan Johnson,2012-13,PF,28,69,5,15,2.7,5.2,0.52,0,0.2,0.077,2.7,5,0.536,0.521,1.2,1.9,0.618,1.1,2.8,3.9,0.7,0.8,0.2,1,1.9,6.6,15.7,0.546,0.037,0.368,8.5,20.7,14.7,7.4,2.8,1,14.7,21.7,2.3,0.106
James Johnson,2012-13,SF,25,54,11,16.3,2.2,5.2,0.413,0,0.4,0.095,2.1,4.9,0.439,0.417,0.7,1.2,0.597,0.9,1.8,2.7,1.1,0.8,0.9,1.3,1.8,5.1,10.2,0.442,0.074,0.237,6.2,12.9,9.5,10.2,2.4,4.5,17.9,19.3,-0.5,-0.028
Joe Johnson,2012-13,SG,31,72,72,36.7,6.2,14.6,0.423,2.1,5.5,0.375,4.1,9.1,0.452,0.493,1.8,2.2,0.82,0.7,2.3,3,3.5,0.7,0.2,1.7,1.4,16.3,14.1,0.521,0.375,0.153,2.4,7.4,4.9,16.7,1,0.4,9.9,21.7,5.1,0.092
Orlando Johnson,2012-13,SG,23,51,0,12.1,1.4,3.5,0.4,0.7,1.8,0.383,0.7,1.7,0.419,0.5,0.5,0.6,0.719,0.4,1.8,2.2,0.9,0.2,0.2,0.6,1,4,11.4,0.523,0.522,0.178,3.7,15.9,9.9,12.5,0.9,1.1,13,16.4,1.5,0.115
Wesley Johnson,2012-13,SF,25,50,21,19.1,3.2,7.9,0.407,1,3.1,0.323,2.2,4.8,0.461,0.47,0.5,0.7,0.771,0.4,2,2.5,0.7,0.4,0.4,1,1.1,8,10.3,0.485,0.391,0.088,2.5,12.4,7.3,5.9,1.2,1.4,10.4,21.4,0,0
Darius Johnson-Odom,2012-13,SG,23,4,0,1.5,0,1,0,0,0.3,0,0,0.8,0,0,0,0,,0.3,0.8,1,0.3,0,0,0,0,0,-6.7,0,0.25,0,18.9,53.7,36.7,21.7,0,0,0,29.7,-0.1,-0.439
Dahntay Jones,2012-13,SF,32,78,19,13,1.1,2.8,0.369,0.1,0.6,0.224,0.9,2.2,0.41,0.394,1.1,1.4,0.77,0.3,1,1.3,0.6,0.3,0.1,0.5,1.5,3.4,6.4,0.482,0.221,0.509,2.7,8.4,5.6,6.7,1.1,0.5,12.3,14,0.6,0.026
DeQuan Jones,2012-13,SF,22,63,17,12.7,1.5,3.5,0.436,0.1,0.6,0.257,1.4,2.9,0.47,0.456,0.5,0.8,0.667,0.3,1.4,1.7,0.3,0.3,0.3,0.5,0.9,3.7,8.4,0.485,0.161,0.234,2.4,12.4,7.4,3,1.2,2.1,11.1,15.3,0.1,0.007
Dominique Jones,2012-13,PG,24,29,3,11.7,1.4,3.8,0.367,0,0.3,0.111,1.3,3.4,0.39,0.372,1.2,1.8,0.66,0.6,0.9,1.6,2.9,0.5,0.1,1.3,1,4,12.4,0.438,0.083,0.486,6,8.7,7.4,36.2,2.1,0.5,22.3,23,0,0.001
James Jones,2012-13,SF,32,38,0,5.8,0.6,1.6,0.344,0.4,1.4,0.302,0.1,0.2,0.625,0.475,0.1,0.1,0.5,0,0.6,0.6,0.3,0.1,0.2,0.1,0.4,1.6,8.1,0.478,0.869,0.066,0,11.6,6.1,8.4,0.5,2.2,4.6,14.2,0.2,0.054
Kevin Jones,2012-13,PF,23,32,0,10.4,1.3,3.3,0.402,0,0,,1.3,3.3,0.402,0.402,0.3,0.5,0.6,1.2,1.3,2.4,0.3,0.3,0.2,0.3,0.8,3,11.1,0.418,0,0.14,12.6,14.5,13.5,4.8,1.4,1.2,6.6,16.2,0.2,0.032
Perry Jones,2012-13,SF,21,38,1,7.4,1,2.6,0.394,0,0.1,0,1,2.6,0.402,0.394,0.3,0.4,0.667,0.3,1.3,1.6,0.3,0.1,0.2,0.4,0.6,2.3,7.8,0.417,0.02,0.152,5.3,19.1,12.7,5.5,0.9,1.6,12.4,19.6,0,-0.003
Solomon Jones,2012-13,PF,28,2,1,13,0,0.5,0,0,0,,0,0.5,0,0,0,0,,0.5,1,1.5,0,0,0.5,1.5,1.5,0,-5.7,0,0,0,4.4,9.3,6.8,0,0,3.3,75,7.2,-0.1,-0.172
Terrence Jones,2012-13,PF,21,19,0,14.5,2.3,4.9,0.457,0.3,1,0.263,2,3.9,0.507,0.484,0.7,0.9,0.765,1.5,1.9,3.4,0.8,0.6,1,0.7,1.1,5.5,17.1,0.512,0.202,0.181,11.6,15,13.4,8.6,2.2,5.2,11.4,18.1,0.7,0.128
DeAndre Jordan,2012-13,C,24,82,82,24.5,3.8,6,0.643,0,0,,3.8,6,0.643,0.643,1.2,3,0.386,2.6,4.7,7.2,0.3,0.6,1.4,1.2,2.3,8.8,17.2,0.606,0,0.51,12.7,22.4,17.6,2.2,1.3,4.7,14.3,15.9,6.2,0.148
Cory Joseph,2012-13,PG,21,28,9,13.9,1.8,3.9,0.464,0.2,0.8,0.286,1.6,3.2,0.506,0.491,0.6,0.8,0.857,0.4,1.4,1.9,1.9,0.5,0.1,0.8,0.9,4.5,13.5,0.528,0.191,0.191,3.8,11.3,7.7,20.2,2,0.7,15,16.6,0.9,0.113
Kris Joseph,2012-13,SF,24,10,0,5.4,0.2,1.4,0.143,0,0.3,0,0.2,1.1,0.182,0.143,0.5,0.8,0.625,0.1,0.6,0.7,0.1,0.3,0,0.2,0.3,0.9,0.6,0.257,0.214,0.571,2.3,12.9,7.7,2.8,3,0,10.2,17,-0.1,-0.127
Chris Kaman,2012-13,C,30,66,52,20.7,4.7,9.3,0.507,0,0,0,4.7,9.3,0.508,0.507,1,1.3,0.788,1.5,4.2,5.6,0.8,0.4,0.8,1.6,2.1,10.5,16.3,0.529,0.002,0.138,8.1,22.1,15.2,6.6,1.1,3,13.6,25.3,1.6,0.058
Jason Kidd,2012-13,SG,39,76,48,26.9,2,5.4,0.372,1.5,4.3,0.351,0.5,1.1,0.452,0.511,0.5,0.6,0.833,0.7,3.6,4.3,3.3,1.6,0.3,1,1.6,6,13.5,0.532,0.795,0.117,2.8,16.2,9.3,17.8,3.3,1.1,15,11.6,5.4,0.128
Michael Kidd-Gilchrist,2012-13,SF,19,78,77,26,3.6,7.9,0.458,0,0.1,0.222,3.6,7.7,0.462,0.46,1.8,2.4,0.749,1.7,4.2,5.8,1.5,0.7,0.9,1.3,2.1,9,14,0.506,0.015,0.305,7.2,18.9,12.9,10.1,1.4,2.8,12.7,17.9,2.1,0.051
Andrei Kirilenko,2012-13,SF,31,64,64,31.8,4.4,8.8,0.507,0.5,1.9,0.292,3.9,6.9,0.566,0.538,2.9,3.9,0.752,1.6,4.1,5.7,2.8,1.5,1,1.9,1.3,12.4,17.6,0.59,0.214,0.446,5.6,15.1,10.2,14.4,2.4,2.4,15.1,17.4,6,0.142
Linas Kleiza,2012-13,SF,28,20,3,18.8,2.4,7.2,0.333,1,3.3,0.303,1.4,3.9,0.359,0.403,1.6,1.9,0.842,0.5,2.1,2.6,0.8,0.2,0.1,0.7,2.3,7.4,8.2,0.46,0.458,0.264,3.1,13.5,8.2,6.9,0.6,0.4,8,21.6,0.1,0.013
Brandon Knight,2012-13,PG,21,75,75,31.5,4.8,11.7,0.407,1.6,4.4,0.367,3.2,7.3,0.43,0.475,2.2,3,0.733,0.7,2.6,3.3,4,0.8,0.1,2.7,2.1,13.3,12,0.511,0.372,0.256,2.6,9.6,6,21.3,1.3,0.3,17.3,22.8,1.1,0.022
Kyle Korver,2012-13,SF,31,74,60,30.5,3.7,8.1,0.461,2.6,5.6,0.457,1.2,2.5,0.471,0.618,0.9,1.1,0.859,0.3,3.6,4,2,0.9,0.5,0.9,2.3,10.9,13.9,0.637,0.689,0.13,1.2,13.5,7.4,9.9,1.6,1.3,9.9,14.5,6.4,0.137
Kosta Koufos,2012-13,C,23,81,81,22.4,3.6,6.3,0.581,0,0,0,3.6,6.3,0.582,0.581,0.7,1.3,0.558,2.6,4.3,6.9,0.4,0.5,1.3,0.7,3,8,17.2,0.585,0.002,0.205,13.3,21.2,17.3,2.6,1.2,4.4,8.7,14.5,6.5,0.171
Viacheslav Kravtsov,2012-13,C,25,25,0,9,1.3,1.8,0.717,0,0,,1.3,1.8,0.717,0.717,0.4,1.5,0.297,1,0.8,1.8,0.4,0.2,0.4,0.6,1.3,3.1,14.4,0.618,0,0.804,12.1,11,11.6,6.6,1.2,3.2,18.4,15.5,0.4,0.086
Doron Lamb,2012-13,SG,21,47,0,12.3,1.3,3.5,0.368,0.3,0.8,0.378,1,2.7,0.365,0.411,0.4,0.7,0.588,0.2,0.8,1,0.7,0.3,0,0.6,1.1,3.3,4.8,0.433,0.227,0.209,1.5,7.4,4.4,8.2,1.2,0,12.7,15.7,-0.4,-0.032
Jeremy Lamb,2012-13,SF,20,23,0,6.4,1,3,0.353,0.4,1.3,0.3,0.7,1.7,0.395,0.419,0.6,0.6,1,0.2,0.6,0.8,0.2,0.1,0.1,0.3,0.6,3.1,11.2,0.479,0.441,0.206,4.2,9.4,7,5.4,0.7,1,7.5,24.8,0.2,0.058
Carl Landry,2012-13,PF,29,81,2,23.2,4,7.4,0.54,0,0,0.333,4,7.4,0.541,0.541,2.8,3.4,0.817,2.2,3.7,6,0.8,0.4,0.4,1.4,2.3,10.8,17.5,0.605,0.005,0.453,10.9,17.3,14.2,5.6,0.9,1.3,13.7,20,6.2,0.159
Ty Lawson,2012-13,PG,25,73,71,34.4,6.1,13.3,0.461,1.2,3.2,0.366,5,10.1,0.491,0.505,3.2,4.3,0.756,0.5,2.2,2.7,6.9,1.5,0.1,2.5,1.8,16.7,17.9,0.549,0.239,0.32,1.6,7.1,4.4,30.2,2.1,0.2,14.1,22.3,7.4,0.141
Courtney Lee,2012-13,SG,27,78,39,24.9,3.2,6.8,0.464,0.7,2,0.372,2.4,4.8,0.503,0.519,0.8,0.9,0.861,0.4,2,2.4,1.8,1.1,0.3,1.1,1.8,7.8,11.7,0.545,0.294,0.136,1.9,9.4,5.8,11.7,2.4,0.9,13,15.7,3.3,0.082
David Lee,2012-13,PF,29,79,79,36.8,7.6,14.7,0.519,0,0.1,0,7.6,14.6,0.521,0.519,3.2,4.1,0.797,2.8,8.5,11.2,3.5,0.8,0.3,2.6,3.1,18.5,19.2,0.561,0.003,0.276,8.5,24.5,16.8,16.5,1.2,0.6,13.7,23.2,9.1,0.15
Malcolm Lee,2012-13,SG,22,16,12,18.1,1.8,4.8,0.382,0.5,1.5,0.333,1.3,3.3,0.404,0.434,0.8,1.3,0.6,0.9,1.5,2.4,1.3,0.8,0.4,0.6,1.9,4.9,9.8,0.46,0.316,0.263,5.8,9.8,7.7,10.7,2.1,1.6,10.5,14.7,0.4,0.059
Kawhi Leonard,2012-13,SF,21,58,57,31.2,4.5,9.1,0.494,1.1,3,0.374,3.4,6.1,0.554,0.556,1.8,2.2,0.825,1.1,4.9,6,1.6,1.7,0.6,1.1,1.7,11.9,16.4,0.592,0.331,0.24,4.3,17.1,11.1,7.7,2.7,1.3,9.6,16.4,6.2,0.166
Meyers Leonard,2012-13,C,20,69,9,17.5,2.2,4,0.545,0,0.1,0.429,2.1,3.9,0.548,0.551,1,1.3,0.809,1.2,2.5,3.7,0.5,0.2,0.6,0.7,2.4,5.5,12.1,0.596,0.025,0.321,7.6,17.1,12.3,4.3,0.5,2.4,13.4,13.9,2.4,0.097
Jon Leuer,2012-13,PF-C,23,28,0,6.7,0.9,1.9,0.481,0,0.1,0,0.9,1.8,0.51,0.481,0.2,0.5,0.462,0.5,0.9,1.3,0.3,0.2,0,0.3,0.8,2,10.4,0.485,0.058,0.25,7.9,15.5,11.6,6.8,1.7,0,12.2,15.9,0.2,0.057
Rashard Lewis,2012-13,PF,33,55,9,14.4,1.9,4.5,0.414,0.9,2.4,0.389,0.9,2.1,0.441,0.516,0.5,0.8,0.622,0.3,1.9,2.2,0.5,0.4,0.3,0.6,1.2,5.2,11.1,0.53,0.526,0.181,3.1,15,9.4,5.7,1.4,1.4,10.9,18.2,1.2,0.071
DeAndre Liggins,2012-13,SG,24,39,1,7.4,0.5,1.2,0.447,0.2,0.5,0.368,0.4,0.7,0.5,0.521,0.2,0.5,0.5,0.3,1,1.4,0.4,0.5,0.1,0.4,0.8,1.5,9.4,0.528,0.404,0.383,5.5,14.7,10.5,7.2,3.2,0.8,20.3,10.8,0.6,0.092
Damian Lillard,2012-13,PG,22,82,82,38.6,6.7,15.7,0.429,2.3,6.1,0.368,4.5,9.6,0.469,0.501,3.3,3.9,0.844,0.5,2.6,3.1,6.5,0.9,0.2,3,2.1,19,16.4,0.546,0.391,0.249,1.5,8,4.7,28.8,1.2,0.5,14.5,24.2,5.8,0.088
Jeremy Lin,2012-13,PG,24,82,82,32.2,4.8,10.9,0.441,1.1,3.1,0.339,3.8,7.8,0.483,0.49,2.6,3.4,0.785,0.4,2.6,3,6.1,1.6,0.4,2.9,2.5,13.4,14.9,0.538,0.287,0.307,1.4,9.1,5.3,29.4,2.5,0.8,18.8,20.8,5.4,0.099
Shaun Livingston,2012-13,PG,27,66,16,22,2.5,5.2,0.48,0,0.1,0,2.5,5.2,0.485,0.48,1.3,1.5,0.867,0.5,1.9,2.4,3.3,0.7,0.5,1.2,1.9,6.3,13,0.536,0.012,0.283,2.4,10.4,6.2,23.2,1.7,1.7,16.3,14.3,2.6,0.086
Brook Lopez,2012-13,C,24,74,74,30.4,7.7,14.8,0.521,0,0,0,7.7,14.8,0.522,0.521,4,5.3,0.758,2.8,4.1,6.9,0.9,0.4,2.1,1.8,2.1,19.4,24.7,0.567,0.001,0.358,10.8,16.1,13.4,6.4,0.8,5.2,9.4,28.6,9,0.191
Robin Lopez,2012-13,C,24,82,82,26,4.7,8.8,0.534,0,0,,4.7,8.8,0.534,0.534,2,2.5,0.778,2.8,2.9,5.6,0.8,0.4,1.6,1.3,2,11.3,18.9,0.573,0,0.288,12.4,13.4,12.9,5.3,0.8,5,12,20,5.6,0.126
Kevin Love,2012-13,PF,24,18,18,34.3,5.8,16.6,0.352,1.1,5.1,0.217,4.7,11.4,0.413,0.386,5.6,7.9,0.704,3.6,10.4,14,2.3,0.7,0.5,2.2,1.9,18.3,17.9,0.458,0.309,0.477,11.5,35.9,23.3,11.8,1.1,1.1,9.8,28.9,1.1,0.084
Kyle Lowry,2012-13,PG,26,68,52,29.7,3.7,9.2,0.401,1.5,4.1,0.362,2.2,5.1,0.433,0.482,2.8,3.5,0.795,0.8,3.9,4.7,6.4,1.4,0.4,2.3,3.2,11.6,17.5,0.543,0.448,0.384,3.2,15.9,9.5,34.6,2.5,1,17.7,20.3,5.6,0.133
John Lucas III,2012-13,PG,30,63,0,13.1,2,5.3,0.386,0.9,2.4,0.377,1.1,2.9,0.393,0.472,0.3,0.4,0.72,0.1,0.9,1,1.7,0.4,0,0.4,0.8,5.3,12.8,0.483,0.452,0.075,1.1,8.3,4.7,21.5,1.5,0.1,7,20.8,1.1,0.061
Scott Machado,2012-13,PG,22,6,0,3.5,0.5,1,0.5,0,0.2,0,0.5,0.8,0.6,0.5,0.3,0.3,1,0,0.2,0.2,1,0.3,0,1.3,0,1.3,6,0.581,0.167,0.333,0,5.3,2.7,44.2,4.8,0,53.8,31,-0.1,-0.23
Shelvin Mack,2012-13,PG-SG,22,31,3,13.4,1.9,4.1,0.46,0.6,1.6,0.367,1.3,2.5,0.519,0.532,0.3,0.5,0.563,0.1,1.2,1.3,2.2,0.5,0,1.1,1.3,4.6,11.3,0.537,0.389,0.127,0.8,10,5.4,26.3,1.9,0,20.4,18.5,0.5,0.056
Corey Maggette,2012-13,SF,33,18,0,14.3,1.5,4.2,0.355,0.3,1.2,0.238,1.2,3.1,0.4,0.388,2,2.7,0.75,0.3,1.1,1.4,1.1,0.3,0.1,0.9,2.3,5.3,7.9,0.489,0.276,0.632,2.2,9.1,5.6,11.4,1.2,0.6,14.9,20.2,0.1,0.017
Ian Mahinmi,2012-13,C,26,80,2,16.5,1.9,4.1,0.453,0,0,0,1.9,4.1,0.456,0.453,1.3,2.1,0.608,1.4,2.5,3.9,0.3,0.5,0.8,1.2,2.5,5,10.6,0.497,0.006,0.52,9.9,16.2,13.1,3.3,1.6,3.7,18.5,17.1,2.3,0.083
Shawn Marion,2012-13,PF,34,67,67,30,5.3,10.3,0.514,0.3,1.1,0.315,5,9.2,0.538,0.531,1.2,1.5,0.782,2.2,5.7,7.8,2.4,1.1,0.7,1.5,1.7,12.1,18,0.553,0.106,0.146,8.2,20.6,14.5,13.1,1.9,1.8,12.3,19,5.3,0.127
Kendall Marshall,2012-13,PG,21,48,3,14.6,1.2,3.1,0.371,0.5,1.5,0.315,0.7,1.6,0.423,0.447,0.2,0.3,0.571,0.1,0.8,0.9,3,0.5,0.1,1.2,1,3,7.8,0.455,0.483,0.093,0.6,6.3,3.4,29.4,1.6,0.4,26.6,13.6,-0.2,-0.012
Cartier Martin,2012-13,SF,28,41,3,16.9,2.3,6.1,0.381,1.4,3.6,0.397,0.9,2.6,0.358,0.496,0.5,0.7,0.714,0.3,2.2,2.4,0.5,0.5,0.1,0.8,1.4,6.6,9.7,0.511,0.579,0.111,1.7,14.3,8,4.8,1.4,0.7,10.8,19.5,0.7,0.047
Kenyon Martin,2012-13,C,35,18,11,23.9,3.1,5.2,0.602,0,0,,3.1,5.2,0.602,0.602,0.9,2.2,0.425,1.9,3.4,5.3,0.4,0.9,0.9,0.9,3.6,7.2,13.9,0.583,0,0.43,8.9,17.1,12.9,2.9,2,3.4,12.6,13.7,1.2,0.128
Kevin Martin,2012-13,SG,29,77,0,27.7,4.5,10.1,0.45,2.1,4.8,0.426,2.5,5.3,0.472,0.551,2.8,3.2,0.89,0.4,1.9,2.3,1.4,0.9,0.1,1.3,1.8,14,16,0.608,0.477,0.316,1.8,7.4,4.8,7.9,1.7,0.3,10.2,21,7,0.157
Roger Mason,2012-13,SG,32,69,13,17.7,1.9,4.4,0.433,1,2.3,0.415,1,2.1,0.452,0.541,0.6,0.6,0.907,0.2,1.8,1.9,1.1,0.4,0.2,0.7,1.5,5.3,10,0.57,0.521,0.141,1.1,12,6.5,9.5,1.2,0.8,13.6,14.3,1.4,0.057
Wesley Matthews,2012-13,SG,26,69,69,34.8,5.1,11.7,0.436,2.4,6.2,0.398,2.7,5.6,0.478,0.54,2.2,2.7,0.797,0.5,2.3,2.8,2.5,1.3,0.3,1.6,2.5,14.8,14.1,0.574,0.526,0.231,1.7,7.6,4.6,11.8,2,0.6,10.9,19.1,4.7,0.093
Jason Maxiell,2012-13,PF,29,72,71,24.8,2.8,6.3,0.446,0,0,,2.8,6.3,0.446,0.446,1.3,2,0.621,1.9,3.8,5.7,0.8,0.4,1.3,1.1,2.4,6.9,11.3,0.478,0,0.317,8.5,18,13.2,4.7,0.9,4.2,13.5,15.3,1.8,0.047
Eric Maynor,2012-13,PG-SG,25,64,0,15,1.7,4.4,0.377,0.5,1.5,0.354,1.1,2.9,0.389,0.438,0.7,1,0.726,0.1,0.6,0.7,2.8,0.3,0,1.2,0.9,4.5,9.3,0.472,0.342,0.221,1.1,4.4,2.8,28.7,1.2,0.1,20.4,18.4,0.2,0.008
O.J. Mayo,2012-13,SG,25,82,82,35.5,5.6,12.5,0.449,1.7,4.3,0.407,3.9,8.3,0.471,0.519,2.3,2.8,0.82,0.4,3.1,3.5,4.4,1.1,0.3,2.6,2.4,15.3,13.9,0.556,0.34,0.227,1.4,9.6,5.6,19.4,1.6,0.6,15.7,20.9,4.2,0.069
Luc Mbah a Moute,2012-13,SF,26,58,45,22.9,2.6,6.5,0.401,0.2,0.6,0.351,2.4,5.9,0.406,0.418,1.2,2.2,0.571,1.5,2.9,4.4,0.9,0.7,0.2,1.2,1.4,6.7,9.1,0.447,0.098,0.334,7,14,10.4,6.1,1.6,0.8,13.9,16.5,0.5,0.017
JaVale McGee,2012-13,C,25,79,0,18.1,3.8,6.7,0.575,0,0,1,3.8,6.7,0.574,0.576,1.4,2.4,0.591,2,2.8,4.8,0.3,0.4,2,1.1,2.3,9.1,20.7,0.589,0.002,0.353,12.6,17.1,14.9,2.7,1.1,8.5,12.9,21.1,4.9,0.163
Dominic McGuire,2012-13,SF,27,26,10,14.9,0.9,2.2,0.429,0,0,,0.9,2.2,0.429,0.429,0.1,0.4,0.3,0.7,2.3,3,0.8,0.5,0.4,0.5,1.5,2,7.7,0.422,0,0.179,5.7,18.4,12,7.5,1.8,2.3,16.6,8.7,0.3,0.035
Josh McRoberts,2012-13,PF,25,67,22,22.2,2.3,5.1,0.455,0.4,1.3,0.286,2,3.9,0.51,0.49,1,1.3,0.765,1.4,3.5,4.9,2.1,0.5,0.4,1,2,6,12.7,0.527,0.245,0.248,7,18.1,12.4,14.8,1.1,1.4,14.8,13.7,2.2,0.072
Jodie Meeks,2012-13,SG,25,78,10,21.3,2.6,6.8,0.387,1.6,4.4,0.357,1.1,2.4,0.441,0.502,1.1,1.2,0.896,0.5,1.7,2.2,0.9,0.7,0.1,0.7,1.3,7.9,11.4,0.54,0.645,0.181,2.5,8.7,5.7,6.4,1.8,0.2,8.3,16.7,3,0.085
Fab Melo,2012-13,C,22,6,0,6,0.5,1,0.5,0,0,,0.5,1,0.5,0.5,0.2,0.7,0.25,0,0.5,0.5,0,0.3,0.3,0.2,1.2,1.2,4.9,0.451,0,0.667,0,9.6,4.9,0,2.9,4.4,11.4,11.5,0,0.021
Khris Middleton,2012-13,SG,21,27,0,17.6,2.3,5.2,0.44,0.5,1.7,0.311,1.8,3.6,0.5,0.489,1,1.2,0.844,0.1,1.7,1.9,1,0.6,0.1,0.4,2,6.1,11.4,0.532,0.319,0.227,1,11.4,6.1,9.5,1.7,0.7,6.6,15.9,0.9,0.089
C.J. Miles,2012-13,SF,25,65,13,21,3.9,9.4,0.415,1.9,5,0.384,2,4.4,0.451,0.518,1.4,1.6,0.869,0.4,2.3,2.7,1,0.8,0.3,1.1,2.1,11.2,15.3,0.551,0.534,0.174,1.9,13.4,7.4,8.1,1.9,1,9.5,23.9,2.6,0.092
Darko Miličić,2012-13,C,27,1,0,5,0,1,0,0,0,,0,1,0,0,0,0,,0,1,1,0,0,0,2,1,0,-30.2,0,0,0,0,22.9,11.8,0,0,0,66.7,28.4,-0.1,-0.779
Andre Miller,2012-13,PG,36,82,11,26.2,3.7,7.7,0.479,0.2,0.8,0.266,3.5,6.9,0.504,0.493,2,2.4,0.84,0.7,2.2,2.9,5.9,0.9,0.1,2.1,1.9,9.6,15.7,0.548,0.101,0.307,3.2,9.1,6.2,32.2,1.7,0.4,19.3,17.9,5.4,0.12
Darius Miller,2012-13,SF,22,52,2,13.3,0.8,2.1,0.407,0.4,1.1,0.393,0.4,1,0.423,0.509,0.2,0.2,1,0.2,1.3,1.5,0.8,0.3,0.2,0.4,1.7,2.3,6.3,0.529,0.519,0.074,1.3,12.2,6.7,9.3,1.3,1.4,17.1,9,0.5,0.034
Mike Miller,2012-13,SF,32,59,17,15.3,1.7,3.9,0.433,1.2,3,0.417,0.5,0.9,0.482,0.591,0.1,0.2,0.727,0.3,2.4,2.7,1.7,0.4,0.1,0.6,1.1,4.8,13.5,0.596,0.758,0.048,2.6,18,10.7,16.2,1.2,0.4,12.9,14.4,2.6,0.137
Quincy Miller,2012-13,PF,20,7,0,3.7,0.6,1.7,0.333,0,0.1,0,0.6,1.6,0.364,0.333,0.1,0.3,0.5,0.1,0.1,0.3,0.4,0.1,0,0.1,0.4,1.3,5.9,0.349,0.083,0.167,4.4,4.2,4.3,16.8,1.9,0,7.2,23.1,0,-0.051
Patty Mills,2012-13,PG,24,58,2,11.3,1.9,4.2,0.469,0.9,2.2,0.4,1.1,1.9,0.55,0.577,0.3,0.3,0.842,0.2,0.7,0.9,1.1,0.4,0.1,0.7,0.9,5.1,14.1,0.59,0.539,0.079,1.7,6.8,4.4,14.9,2,0.4,13.5,20.2,1.5,0.109
Paul Millsap,2012-13,PF,27,78,78,30.4,5.5,11.2,0.49,0.2,0.5,0.333,5.3,10.7,0.498,0.498,3.4,4.6,0.742,2.3,4.8,7.1,2.6,1.3,1,1.8,3,14.6,19.8,0.55,0.045,0.407,8.6,18.8,13.7,14.5,2.3,2.7,11.8,22.4,7.6,0.154
Nazr Mohammed,2012-13,C,35,63,12,11,1,2.9,0.367,0,0,0,1,2.8,0.371,0.367,0.5,0.7,0.723,1.2,1.9,3.1,0.4,0.3,0.5,0.4,1.5,2.6,10.8,0.414,0.011,0.261,12,20.4,16.2,5.8,1.6,3.5,10.7,14.9,1.2,0.082
Greg Monroe,2012-13,C,22,81,81,33.2,6.3,13.1,0.486,0,0,0,6.3,13,0.488,0.486,3.3,4.8,0.689,2.9,6.7,9.6,3.5,1.3,0.7,2.9,2.3,16,19.5,0.527,0.004,0.371,9.9,23.6,16.7,18.6,2.1,1.6,16,24.8,5.9,0.105
E'Twaun Moore,2012-13,SG,23,75,21,22.4,3.2,8,0.396,0.9,2.6,0.34,2.3,5.3,0.424,0.452,0.6,0.8,0.797,0.6,1.6,2.2,2.7,0.7,0.3,1.4,1.6,7.8,10.7,0.471,0.329,0.099,3.2,8,5.6,19.1,1.6,1.1,14.4,19.7,0.2,0.006
Darius Morris,2012-13,PG,22,48,17,14.2,1.5,3.9,0.388,0.5,1.4,0.364,1,2.5,0.402,0.452,0.5,0.8,0.649,0.5,0.7,1.2,1.6,0.4,0,0.9,1.2,4,8.1,0.475,0.351,0.197,4,5.2,4.6,16.8,1.6,0.2,18.1,16.2,0.2,0.016
Marcus Morris,2012-13,PF-SF,23,77,23,19.8,2.9,6.8,0.422,1.1,3,0.369,1.8,3.8,0.464,0.504,0.9,1.5,0.564,1,2.6,3.6,0.8,0.6,0.3,1,2.1,7.7,11.3,0.516,0.443,0.222,6,14.6,10.3,6.4,1.5,1,11.8,18.9,1.8,0.058
Markieff Morris,2012-13,PF,23,82,32,22.4,3.2,8,0.407,0.5,1.6,0.336,2.7,6.3,0.426,0.442,1.1,1.5,0.732,1.6,3.2,4.8,1.3,0.9,0.8,1.3,2.5,8.2,12.6,0.473,0.205,0.194,7.9,16.7,12.3,9.4,2.2,2.6,12.8,19.7,1.7,0.044
Anthony Morrow,2012-13,SG,27,41,1,9.3,1.6,3.5,0.441,0.4,1,0.372,1.2,2.5,0.471,0.497,0.5,0.5,0.909,0.3,0.5,0.7,0.3,0.3,0,0.2,1,4,12,0.53,0.297,0.152,3.3,5.6,4.5,5.6,1.8,0.2,4.9,19.6,0.7,0.084
Donatas Motiejūnas,2012-13,PF,22,44,14,12.2,2.2,4.8,0.455,0.5,1.9,0.289,1.7,3,0.562,0.512,0.7,1.2,0.627,0.8,1.3,2.1,0.7,0.2,0.2,0.8,1.7,5.7,12.2,0.531,0.39,0.239,7.7,11.9,9.8,9.5,0.6,1.4,13.6,22.1,0.7,0.061
Arnett Moultrie,2012-13,PF,22,47,0,11.5,1.7,2.9,0.582,0,0,,1.7,2.9,0.582,0.582,0.4,0.6,0.643,1.6,1.5,3.1,0.2,0.4,0.2,0.4,0.9,3.7,16.7,0.595,0,0.209,15.4,14.8,15.1,2.9,1.7,1.4,11.5,14.1,1.7,0.149
Timofey Mozgov,2012-13,C,26,41,1,8.9,1.1,2.1,0.506,0,0,0,1.1,2.1,0.518,0.506,0.5,0.6,0.769,1.2,1.4,2.6,0.2,0.1,0.4,0.6,1.4,2.6,12.3,0.549,0.023,0.299,15.6,17.1,16.4,3.4,0.8,3.8,20.3,14.6,0.7,0.096
Byron Mullens,2012-13,PF,23,53,41,26.9,4.1,10.6,0.385,1.2,3.9,0.317,2.8,6.7,0.425,0.444,1.2,1.9,0.646,1.3,5,6.4,1.5,0.6,0.6,1.4,2.1,10.6,12.3,0.465,0.369,0.176,5.5,22,13.5,10.1,1.2,1.8,10.9,21.7,0.1,0.005
Kevin Murphy,2012-13,SG,22,17,0,3.1,0.4,1.6,0.25,0.1,0.3,0.2,0.4,1.4,0.261,0.268,0,0,,0,0.2,0.2,0.1,0.1,0,0.2,0.2,0.9,-4.5,0.268,0.179,0,0,9.1,4.5,6.1,1,0,9.7,27.1,-0.3,-0.272
Troy Murphy,2012-13,PF,32,14,1,18.3,1.6,4.4,0.361,0.8,2.5,0.314,0.8,1.9,0.423,0.451,0.7,0.8,0.909,0.5,3,3.5,0.5,0.7,0.4,0.5,2.1,4.6,9.1,0.494,0.574,0.18,3.1,17.9,10.7,3.8,2,1.8,9.6,13,0.3,0.062
Steve Nash,2012-13,PG,38,50,50,32.5,4.7,9.5,0.497,1.1,2.6,0.438,3.6,6.9,0.519,0.557,2.1,2.3,0.922,0.5,2.3,2.8,6.7,0.6,0.1,2.5,1.4,12.7,16,0.605,0.274,0.244,1.8,7.7,4.8,32.8,0.9,0.2,19.3,17.8,4.3,0.127
Gary Neal,2012-13,SG,28,68,17,21.8,3.6,8.8,0.412,1.3,3.7,0.355,2.3,5.1,0.454,0.487,0.9,1.1,0.865,0.2,1.9,2.1,1.9,0.4,0,1,1.4,9.5,11.5,0.512,0.42,0.124,1.1,9.6,5.6,13.5,1,0.1,9.9,21.7,1.9,0.06
Jameer Nelson,2012-13,PG,30,56,56,35.3,5.5,13.9,0.392,2.2,6.3,0.341,3.3,7.6,0.435,0.47,1.6,1.8,0.873,0.4,3.3,3.7,7.4,1.3,0.1,2.8,2.9,14.7,14.4,0.498,0.455,0.131,1.3,10.6,6,33.3,1.9,0.2,15.7,22.5,2.1,0.05
Andrew Nicholson,2012-13,PF,23,75,28,16.7,3.4,6.5,0.527,0,0,,3.4,6.5,0.527,0.527,1,1.3,0.798,0.9,2.5,3.4,0.6,0.3,0.4,1.1,1.8,7.8,15.1,0.557,0,0.193,6.2,17.1,11.7,6.1,1,2,13,22.1,1.7,0.065
Joakim Noah,2012-13,C,27,66,64,36.8,4.6,9.5,0.481,0,0.1,0,4.6,9.5,0.485,0.481,2.7,3.6,0.751,3.9,7.2,11.1,4,1.2,2.1,2.7,2.8,11.9,18.1,0.534,0.008,0.376,12.2,22.6,17.3,17.6,1.7,4.4,19.3,17.2,7.3,0.145
Steve Novak,2012-13,SF,29,81,1,20.3,2.2,5.3,0.414,1.8,4.3,0.425,0.4,1,0.367,0.587,0.4,0.4,0.909,0.2,1.7,1.9,0.4,0.3,0.1,0.1,1.2,6.6,11.3,0.602,0.816,0.077,1.2,10,5.4,3.3,0.9,0.4,2.6,13,4,0.116
Dirk Nowitzki,2012-13,PF,34,53,47,31.3,6.5,13.7,0.471,1.2,3,0.414,5.2,10.8,0.487,0.516,3.1,3.6,0.86,0.7,6.2,6.8,2.5,0.7,0.7,1.3,1.8,17.3,19.8,0.564,0.216,0.265,2.5,21.5,12.2,13.5,1.2,1.7,7.9,24.2,5,0.145
Jermaine O'Neal,2012-13,C,34,55,4,18.7,3.3,6.7,0.482,0,0,,3.3,6.7,0.482,0.482,1.7,2.1,0.835,1.5,3.8,5.3,0.8,0.3,1.4,1.3,2.3,8.3,16.7,0.538,0,0.31,8.9,23.8,16.2,6.8,0.9,5.7,14.8,21.4,2,0.092
Kyle O'Quinn,2012-13,C,22,57,5,11.2,1.8,3.5,0.513,0,0,0,1.8,3.4,0.515,0.513,0.5,0.8,0.667,1.1,2.5,3.7,0.9,0.2,0.5,0.6,1.9,4.1,15.8,0.535,0.005,0.228,11.5,25.5,18.5,13.1,0.9,3.1,14.6,18.1,1.4,0.107
Lamar Odom,2012-13,PF,33,82,2,19.7,1.8,4.5,0.399,0.2,1.1,0.2,1.6,3.4,0.464,0.423,0.2,0.5,0.476,1.4,4.4,5.9,1.7,0.8,0.7,1,2.6,4,10.9,0.429,0.246,0.115,8.8,26.3,17.7,12.4,2.2,3,18.3,13.3,2.7,0.081
Tim Ohlbrecht,2012-13,C,24,3,0,4,0.3,1,0.333,0,0,,0.3,1,0.333,0.333,0.3,0.3,1,0,0.3,0.3,0.3,0.3,0,1.3,0.3,1,-6.1,0.436,0,0.333,0,9.3,4.7,11.8,4.2,0,53.8,27.1,-0.1,-0.369
Emeka Okafor,2012-13,C,30,79,77,26,4.2,8.7,0.477,0,0,,4.2,8.7,0.477,0.477,1.4,2.4,0.571,2.5,6.2,8.8,1.2,0.6,1,1.4,1.8,9.7,15.8,0.496,0,0.278,10.7,26.8,18.7,7.9,1.1,3,12.2,19.5,4.5,0.104
Daniel Orton,2012-13,C,22,13,0,8,0.9,2,0.462,0,0,,0.9,2,0.462,0.462,0.7,1.3,0.529,1,1,2,0.3,0.3,0.2,0.3,1,2.5,14,0.493,0,0.654,15.5,13.4,14.3,5.7,2,2.2,10.7,16.4,0.3,0.135
Travis Outlaw,2012-13,SF,28,38,2,11.7,1.9,4.7,0.418,0.4,1.3,0.28,1.6,3.3,0.472,0.458,1,1.4,0.731,0.4,1.2,1.6,0.6,0.3,0.2,0.5,0.9,5.3,13,0.5,0.282,0.294,4.3,11.7,7.9,7.7,1.3,1.4,8.7,21.9,0.3,0.037
Zaza Pachulia,2012-13,C,28,52,15,21.8,2.2,4.6,0.473,0,0.1,0,2.2,4.6,0.479,0.473,1.5,2,0.757,2.5,3.9,6.5,1.5,0.7,0.2,1.3,2.5,5.9,13.1,0.534,0.012,0.427,13.5,20.3,17,10.3,1.6,0.8,19.6,14.6,2.7,0.116
Jannero Pargo,2012-13,PG,33,32,0,15.8,2.4,6.6,0.368,1.2,3.6,0.336,1.2,3,0.406,0.46,0.4,0.4,0.923,0.3,0.8,1.1,2.1,0.6,0.1,1.3,1.3,6.5,10.3,0.475,0.547,0.061,2.2,5.7,3.9,22.8,1.9,0.5,15.8,23.3,-0.2,-0.017
Jeremy Pargo,2012-13,PG-SG,26,39,11,16.8,2.5,6.4,0.396,0.6,1.9,0.338,1.9,4.5,0.42,0.446,1.1,1.6,0.677,0.2,1.1,1.3,2.4,0.3,0.1,1.3,1.2,6.8,10.4,0.478,0.296,0.248,1.3,7.5,4.3,23,1,0.2,15.3,22.5,0,-0.002
Tony Parker,2012-13,PG,30,66,66,32.9,7.9,15.1,0.522,0.4,1,0.353,7.5,14,0.534,0.534,4.2,5,0.845,0.3,2.7,3,7.6,0.8,0.1,2.6,1.4,20.3,23,0.588,0.068,0.332,1,9.1,5.3,40.4,1.3,0.2,13,27.7,9.3,0.206
Chandler Parsons,2012-13,SF,24,76,76,36.3,6,12.4,0.486,2,5.2,0.385,4,7.2,0.559,0.567,1.5,2,0.729,1,4.3,5.3,3.5,1,0.4,1.9,1.9,15.5,15.3,0.584,0.421,0.165,3.3,13.2,8.3,15.6,1.4,0.9,12.7,18.3,7,0.121
Patrick Patterson,2012-13,PF,23,71,41,25,4.5,8.8,0.512,0.7,1.9,0.386,3.8,6.9,0.546,0.553,0.7,0.9,0.762,1.6,3.2,4.7,1.1,0.4,0.6,0.9,1.9,10.4,15.2,0.566,0.212,0.101,7.2,14.4,10.8,7.5,0.9,1.7,8.6,17.6,4.1,0.111
Chris Paul,2012-13,PG,27,70,70,33.4,5.9,12.2,0.481,1.1,3.3,0.328,4.8,8.9,0.538,0.526,4.1,4.6,0.885,0.8,3,3.7,9.7,2.4,0.1,2.3,2,16.9,26.4,0.594,0.271,0.377,2.8,10.5,6.7,46.5,3.8,0.4,13.7,22.6,13.9,0.287
Sasha Pavlović,2012-13,SG,29,39,1,13.5,1.1,3.1,0.353,0.5,1.5,0.3,0.6,1.5,0.407,0.429,0,0.2,0.167,0.2,1.3,1.4,0.8,0.6,0.1,0.4,1.5,2.6,6.2,0.423,0.504,0.05,1.5,10.9,6.2,8.9,2.4,0.7,10.3,11.8,0.1,0.009
Nikola Peković,2012-13,C,27,62,62,31.6,6.2,12,0.52,0,0,,6.2,12,0.52,0.52,3.9,5.2,0.744,3.7,5.1,8.8,0.9,0.7,0.8,1.6,2.3,16.3,20.2,0.572,0,0.437,13,19,15.9,4.9,1.1,2,10.3,22.5,6.7,0.163
Kendrick Perkins,2012-13,C,28,78,78,25.1,1.8,4,0.457,0,0,0,1.8,4,0.458,0.457,0.6,0.9,0.611,1.4,4.6,6,1.4,0.6,1.1,1.4,2.9,4.2,8.2,0.479,0.003,0.23,7,19.5,13.7,7.9,1.1,3.2,24,10.6,2.5,0.062
Johan Petro,2012-13,C,27,31,8,11.4,1.5,3.5,0.436,0,0.1,0.25,1.5,3.4,0.443,0.441,0.4,0.4,0.917,1.1,2.5,3.6,0.5,0.3,0.3,0.8,1.5,3.5,11,0.468,0.036,0.109,10.9,25.3,18.2,7.1,1.5,2,17.2,18.3,0.4,0.048
Paul Pierce,2012-13,SF,35,77,77,33.4,6.2,14.2,0.436,1.9,5,0.38,4.3,9.2,0.466,0.502,4.3,5.5,0.787,0.6,5.7,6.3,4.8,1.1,0.4,2.8,2.7,18.6,19.1,0.559,0.35,0.387,2.1,19.7,11.2,25.1,1.7,0.9,14.3,27.4,7.2,0.135
Mickaël Piétrus,2012-13,SF,30,19,16,20.3,1.8,5.2,0.347,1.1,3.4,0.313,0.7,1.8,0.412,0.449,0.6,0.9,0.667,0.3,1.6,1.9,0.5,0.6,0.3,0.8,1.7,5.3,6,0.472,0.653,0.184,1.5,9.7,5.5,3.5,1.7,1.2,13.1,14.7,0,-0.004
Dexter Pittman,2012-13,C,24,11,0,2.9,0.4,1,0.364,0,0,,0.4,1,0.364,0.364,0,0.3,0,0.6,0.5,1.1,0,0,0,0.3,0.7,0.7,1.6,0.325,0,0.273,27.2,18.5,22.7,0,0,0,19.6,22.4,-0.1,-0.107
Miles Plumlee,2012-13,C,24,14,0,3.9,0.4,1.5,0.238,0,0,,0.4,1.5,0.238,0.238,0.2,0.3,0.75,0.9,0.7,1.6,0.1,0,0.2,0.2,0.4,0.9,8.8,0.286,0,0.19,24.8,19.9,22.3,5.7,0,4,11.6,21.4,0,-0.015
Quincy Pondexter,2012-13,SF,24,59,1,21.1,2.2,5.1,0.428,1,2.6,0.395,1.2,2.5,0.463,0.528,1,1.3,0.787,0.7,1.5,2.2,1,0.6,0.1,0.7,1.6,6.4,11,0.565,0.508,0.251,4,8.6,6.3,7.6,1.5,0.4,11.2,13.9,3.2,0.125
A.J. Price,2012-13,PG,26,57,22,22.4,2.8,7.2,0.39,1.2,3.5,0.35,1.6,3.7,0.427,0.475,0.9,1.1,0.79,0.4,1.6,2,3.6,0.6,0.1,1.1,1.3,7.7,12.4,0.501,0.484,0.15,1.7,8.2,4.9,26.4,1.3,0.2,12.7,18,2.2,0.084
Ronnie Price,2012-13,PG,29,39,0,13.1,1,3.1,0.325,0.3,1,0.256,0.7,2.1,0.358,0.367,0.4,0.6,0.708,0.3,0.8,1.1,1.9,0.7,0.1,0.9,1.6,2.7,6.8,0.402,0.325,0.2,2.9,7.2,5,21,2.7,0.4,20.7,14.8,-0.2,-0.017
Pablo Prigioni,2012-13,PG,35,78,18,16.2,1.3,2.8,0.455,0.7,1.7,0.396,0.6,1.1,0.547,0.575,0.3,0.3,0.88,0.5,1.3,1.8,3,0.9,0,1.1,1.6,3.5,13,0.595,0.609,0.114,3.7,9.8,6.6,27.5,2.9,0.1,27.1,11.7,3.2,0.123
Tayshaun Prince,2012-13,SF,32,82,81,32.1,4.4,10,0.438,0.5,1.1,0.404,3.9,8.9,0.442,0.461,1.2,1.6,0.738,0.9,3.6,4.4,2.4,0.6,0.3,1.1,1,10.4,11.5,0.486,0.115,0.159,3.1,13.2,8.1,12.1,1,0.8,9.2,16.8,3.6,0.065
Joel Przybilla,2012-13,C,33,12,1,5.7,0.1,0.3,0.25,0,0,,0.1,0.3,0.25,0.25,0,0.2,0,0.4,1.3,1.8,0.3,0.1,0.2,0.3,0.8,0.2,3.3,0.205,0,0.5,7.6,26.2,16.6,7.6,0.7,2.1,45,5.7,0,-0.005
Chris Quinn,2012-13,SG,29,7,0,11.1,0.6,2.3,0.25,0,0.7,0,0.6,1.6,0.364,0.25,0.3,0.3,1,0.1,0.1,0.3,1.3,0.4,0,0.9,0.6,1.4,1.3,0.296,0.313,0.125,1.4,1.6,1.5,16.3,2,0,26.2,13.1,-0.2,-0.124
Vladimir Radmanović,2012-13,PF,32,25,0,5.8,0.5,1.7,0.302,0.2,1.1,0.185,0.3,0.6,0.5,0.36,0.1,0.1,0.667,0.4,0.7,1.1,0.3,0.3,0.2,0.3,1.2,1.3,6.3,0.372,0.628,0.07,7.9,14.5,11.2,8.6,3,2.1,13.6,16.4,0.1,0.02
Anthony Randolph,2012-13,PF,23,39,0,8.4,1.4,2.9,0.491,0,0.2,0,1.4,2.7,0.528,0.491,0.8,1.2,0.689,0.7,1.7,2.4,0.3,0.5,0.5,0.9,1.1,3.7,15.6,0.534,0.07,0.395,10.1,22.1,16.2,5.5,2.9,5,21.7,22.5,0.5,0.073
Shavlik Randolph,2012-13,PF,29,16,0,12.4,1.8,3,0.583,0,0,,1.8,3,0.583,0.583,0.7,1.7,0.407,1.8,2.6,4.4,0.3,0.5,0.4,0.6,2.4,4.2,15.9,0.559,0,0.563,17.2,24.3,20.9,3.3,2.1,2.8,14.3,16.7,0.7,0.159
Zach Randolph,2012-13,PF,31,76,75,34.3,6.2,13.5,0.46,0,0.3,0.087,6.2,13.2,0.469,0.461,3,3.9,0.75,4.1,7.2,11.2,1.4,0.8,0.4,2,2.4,15.4,17.9,0.506,0.022,0.293,13.8,25.1,19.3,7.3,1.3,1,11.5,23.1,7.9,0.145
J.J. Redick,2012-13,SG,28,78,13,30.5,4.9,11.3,0.434,2.1,5.8,0.366,2.8,5.5,0.506,0.528,2.2,2.4,0.9,0.2,2,2.2,3.8,0.5,0.1,1.8,1.5,14.1,14.7,0.571,0.513,0.216,0.8,7.3,4,20,0.8,0.3,12.5,20.8,4.5,0.091
Jason Richardson,2012-13,SG,32,33,33,28.4,4.1,10.2,0.402,1.7,5.1,0.341,2.4,5.1,0.462,0.487,0.6,1,0.606,0.6,3.3,3.8,1.5,1.2,0.5,0.8,1.7,10.5,12.6,0.495,0.497,0.098,2.2,13.4,7.7,8.6,2.3,1.2,6.9,18.5,1.4,0.07
Quentin Richardson,2012-13,SF,32,1,0,29,1,11,0.091,1,4,0.25,0,7,0,0.136,2,2,1,5,5,10,1,0,0,2,1,5,0.7,0.21,0.364,0.182,19.5,20.9,20.2,4.8,0,0,14.4,22.4,-0.1,-0.181
Luke Ridnour,2012-13,SG,31,82,82,30.2,4.5,9.9,0.453,0.8,2.6,0.311,3.7,7.3,0.503,0.493,1.7,2,0.848,0.5,2,2.5,3.8,1,0.2,1.6,2.3,11.5,13,0.532,0.261,0.202,1.8,7.9,4.8,21,1.7,0.5,12.8,18.3,4.3,0.084
Austin Rivers,2012-13,SG,20,61,26,23.2,2.4,6.4,0.372,0.5,1.4,0.326,1.9,5,0.385,0.408,1,1.8,0.546,0.3,1.5,1.8,2.1,0.4,0.1,1.2,2,6.2,5.9,0.431,0.221,0.277,1.3,8,4.6,13.9,1,0.5,14.5,16.8,-1.1,-0.038
Brian Roberts,2012-13,PG,27,78,5,17,2.7,6.6,0.417,0.8,2,0.386,2,4.6,0.43,0.475,0.9,1,0.909,0.2,1,1.2,2.8,0.5,0,0.9,1.4,7.1,14.6,0.509,0.299,0.151,1.5,7.3,4.4,28.2,1.5,0.2,11.5,21.6,2.2,0.078
Nate Robinson,2012-13,PG,28,82,23,25.4,4.9,11.2,0.433,1.7,4.2,0.405,3.1,7,0.45,0.51,1.6,2.1,0.799,0.4,1.9,2.2,4.4,1,0.1,1.8,2.5,13.1,17.4,0.54,0.378,0.183,1.6,8.6,5.1,31.4,2.2,0.4,12.6,25.1,5.9,0.136
Thomas Robinson,2012-13,PF,21,70,0,15.1,2,4.6,0.43,0,0,0,2,4.6,0.431,0.43,0.8,1.6,0.523,1.7,2.8,4.5,0.7,0.6,0.4,1.3,1.8,4.8,10.9,0.451,0.003,0.34,13,21.3,17.1,6.7,2,1.9,19.3,19.1,-0.1,-0.002
Rajon Rondo,2012-13,PG,26,38,38,37.4,5.9,12.2,0.484,0.3,1.3,0.24,5.6,10.9,0.513,0.497,1.6,2.4,0.645,1.1,4.4,5.6,11.1,1.8,0.2,3.9,2.5,13.7,18.1,0.516,0.108,0.2,3.7,13.6,8.8,49.3,2.6,0.5,22.6,21.7,3.2,0.108
Terrence Ross,2012-13,SG,21,73,2,17,2.5,6.3,0.407,0.9,2.7,0.332,1.7,3.6,0.464,0.478,0.4,0.6,0.714,0.5,1.5,2,0.7,0.6,0.2,0.7,1.7,6.4,10.4,0.491,0.429,0.092,3.3,10.6,6.9,7.2,1.8,0.9,9.2,19.6,0.9,0.034
Brandon Roy,2012-13,SG,28,5,5,24.4,2.2,7,0.314,0,1.8,0,2.2,5.2,0.423,0.314,1.4,2,0.7,0.6,2.2,2.8,4.6,0.6,0,1.4,1,5.8,8.3,0.368,0.257,0.286,2.7,10.6,6.6,28.8,1.3,0,15.1,17,0,-0.017
Ricky Rubio,2012-13,PG,22,57,47,29.7,3.2,9,0.36,0.5,1.6,0.293,2.8,7.4,0.374,0.386,3.7,4.6,0.799,0.8,3.2,4,7.3,2.4,0.1,3,2.5,10.7,16.2,0.482,0.179,0.514,2.9,12.9,7.7,38.8,4.2,0.2,21.4,21.2,3,0.085
Brandon Rush,2012-13,SF,27,2,0,12.5,3,4.5,0.667,0,1,0,3,3.5,0.857,0.667,1,1.5,0.667,0,0.5,0.5,1,0,0,1.5,2.5,7,11.9,0.678,0.222,0.333,0,4.3,2.2,14.5,0,0,22.5,23.9,0,0.051
Robert Sacre,2012-13,C,23,32,3,6.3,0.6,1.5,0.375,0,0,,0.6,1.5,0.375,0.375,0.2,0.3,0.636,0.3,0.8,1.1,0.2,0,0.3,0.3,1.2,1.3,3.4,0.407,0,0.229,5,13.2,9.2,4.3,0,3.6,15.9,13.8,-0.1,-0.024
John Salmons,2012-13,SF,33,76,72,30,3.2,8.1,0.399,1.3,3.5,0.371,1.9,4.5,0.42,0.48,1.1,1.4,0.773,0.4,2.3,2.7,3,0.7,0.3,1.1,1.9,8.8,10.2,0.509,0.436,0.18,1.6,9,5.2,14.8,1.1,0.9,11.4,14.5,1.6,0.034
Samardo Samuels,2012-13,C,24,18,1,10.9,1.2,3.3,0.367,0,0.1,0,1.2,3.3,0.373,0.367,0.8,1.3,0.583,0.6,1,1.6,0.4,0.2,0.2,0.3,1.7,3.2,6.2,0.411,0.017,0.4,5.6,11.2,8.3,6.3,0.8,1.2,7.8,17.4,-0.1,-0.016
Larry Sanders,2012-13,C,24,71,55,27.3,4.3,8.5,0.506,0,0,0,4.3,8.5,0.507,0.506,1.2,1.9,0.618,3.2,6.3,9.5,1.2,0.7,2.8,1.2,3.3,9.8,18.7,0.523,0.003,0.225,12,25.8,18.6,6.8,1.4,7.6,11.6,16.9,6,0.149
Luis Scola,2012-13,PF,32,82,67,26.6,5.3,11.2,0.472,0,0.2,0.188,5.2,11,0.477,0.474,2.2,2.8,0.787,1.9,4.7,6.6,2.2,0.8,0.4,1.5,3.1,12.8,16.7,0.516,0.017,0.251,8.1,20.4,14.1,14.5,1.6,1.2,11,23.3,4.4,0.096
Mike Scott,2012-13,PF,24,40,1,9.4,1.8,3.7,0.476,0,0,0,1.8,3.7,0.479,0.476,1.1,1.4,0.768,1,1.8,2.8,0.3,0.1,0.1,0.5,0.8,4.6,16.3,0.533,0.007,0.381,12.1,21.3,16.7,5.4,0.6,0.4,10.9,23.7,0.9,0.11
Thabo Sefolosha,2012-13,SG,28,81,81,27.5,2.8,5.8,0.481,1.3,3.2,0.419,1.4,2.6,0.558,0.597,0.7,0.9,0.826,0.7,3.2,3.9,1.5,1.3,0.5,0.8,2.2,7.6,12.8,0.617,0.554,0.148,3.2,12.4,8.2,8.2,2.4,1.5,11.4,11.4,6.8,0.146
Josh Selby,2012-13,PG,21,10,0,5.9,0.6,2.2,0.273,0.1,0.6,0.167,0.5,1.6,0.313,0.295,0.7,1.1,0.636,0,0.5,0.5,0.4,0.2,0,0.7,0.7,2,0.1,0.373,0.273,0.5,0,10.2,5,10.5,1.8,0,20.7,26.4,-0.2,-0.143
Kevin Séraphin,2012-13,C,23,79,8,21.8,4.2,9.1,0.461,0,0,,4.2,9.1,0.461,0.461,0.8,1.1,0.693,1.4,3,4.4,0.7,0.3,0.7,1.6,2.7,9.1,10.3,0.478,0,0.123,6.8,15.5,11.1,6.1,0.7,2.7,14.7,23.5,0.1,0.004
Ramon Sessions,2012-13,SG,26,61,0,27.1,4.5,11.1,0.408,0.5,1.8,0.308,4,9.3,0.427,0.433,4.8,5.7,0.839,0.4,2.3,2.8,3.8,0.8,0.1,1.7,1.5,14.4,17.7,0.529,0.158,0.513,1.8,10.1,5.9,25.5,1.5,0.3,11.2,25.7,2.9,0.084
Tornike Shengelia,2012-13,SF,21,19,0,4.9,0.5,1.2,0.435,0.1,0.1,0.5,0.5,1.1,0.429,0.457,0.5,0.8,0.563,0.5,0.7,1.2,0.2,0.2,0.1,0.6,0.6,1.6,8.5,0.499,0.087,0.696,11.4,17.9,14.6,5.1,1.7,0.8,26.8,20.3,0,-0.017
Iman Shumpert,2012-13,SG,22,45,45,22.1,2.4,6.1,0.396,1.1,2.8,0.402,1.3,3.3,0.392,0.489,0.8,1,0.766,0.7,2.3,3,1.7,1,0.2,0.8,2.2,6.8,11.7,0.516,0.462,0.171,3.5,12.8,8,11.6,2.3,0.6,11.1,15.6,1.9,0.094
Alexey Shved,2012-13,SG,24,77,16,23.9,3.1,8.2,0.372,1.1,3.7,0.295,2,4.5,0.435,0.439,1.4,1.9,0.72,0.5,1.7,2.3,3.7,0.7,0.4,1.9,1.5,8.6,11,0.474,0.454,0.236,2.5,8.6,5.4,25.2,1.5,1.1,17.3,20.6,0.8,0.02
Henry Sims,2012-13,C,22,2,0,2.5,1,1.5,0.667,0,0,,1,1.5,0.667,0.667,0,0,,1,0,1,0,0,0,0.5,0.5,2,29.2,0.667,0,0,46.8,0,23.8,0,0,0,25,37.2,0,0.061
Kyle Singler,2012-13,SF,24,82,74,28,3.4,7.8,0.428,0.9,2.4,0.35,2.5,5.4,0.464,0.483,1.2,1.5,0.806,1.3,2.7,4,0.9,0.7,0.5,1.2,2.6,8.8,10,0.517,0.312,0.193,5.4,11.3,8.3,5.3,1.3,1.3,12.3,15.8,2.3,0.048
Chris Singleton,2012-13,PF,23,57,11,16.2,1.6,4.2,0.382,0.1,0.6,0.194,1.5,3.6,0.415,0.396,0.7,1.2,0.571,0.9,2.3,3.2,0.6,0.7,0.4,0.8,2.2,4.1,7.8,0.425,0.149,0.29,6.1,16.1,11,6.3,2.1,2.1,14.2,15.7,0.5,0.028
Donald Sloan,2012-13,SG-PG,25,23,0,11.4,1.2,3.4,0.346,0.3,0.8,0.368,0.9,2.6,0.339,0.391,0.9,1.1,0.8,0.1,1.1,1.2,1.7,0.2,0,0.6,0.7,3.5,9.6,0.455,0.244,0.321,1.3,11.5,6.2,22,1,0,13.6,17.5,0.1,0.017
Greg Smith,2012-13,C,22,70,10,15.9,2.4,3.9,0.62,0,0,0,2.4,3.9,0.623,0.62,1.2,1.9,0.623,1.6,3,4.6,0.4,0.3,0.6,0.6,2.5,6,16.1,0.636,0.004,0.474,11.5,21.2,16.4,3.5,0.8,2.7,11,14.7,4,0.172
Ish Smith,2012-13,PG,24,52,3,9.9,1.1,3.1,0.352,0.2,0.5,0.296,0.9,2.5,0.364,0.377,0.1,0.1,0.429,0.2,0.9,1.2,1.7,0.4,0.2,0.7,0.5,2.4,8.5,0.379,0.17,0.044,2.6,10.7,6.6,25,2.1,1.3,18.6,17.4,-0.4,-0.04
J.R. Smith,2012-13,SG,27,80,0,33.5,6.6,15.6,0.422,1.9,5.5,0.356,4.7,10.2,0.458,0.484,3,3.9,0.762,0.8,4.5,5.3,2.7,1.3,0.3,1.7,2.8,18.1,17.6,0.522,0.349,0.249,2.7,16.3,9.3,14.5,2,0.8,8.8,26.5,6.7,0.12
Jason Smith,2012-13,C,26,51,0,17.2,3.3,6.7,0.49,0,0.1,0,3.3,6.6,0.496,0.49,1.7,2,0.843,1.3,2.4,3.6,0.7,0.3,0.9,1.1,2.4,8.2,16.8,0.544,0.012,0.299,8.6,16.9,12.7,7,0.9,4.3,12.5,23.4,1.7,0.095
Josh Smith,2012-13,PF,27,76,76,35.3,7.2,15.6,0.465,0.8,2.6,0.303,6.4,12.9,0.498,0.491,2.2,4.2,0.517,1.8,6.7,8.4,4.2,1.2,1.8,3,2.3,17.5,17.7,0.501,0.17,0.272,5.8,21.3,13.6,20.9,1.8,3.9,14.6,26.7,4.2,0.075
Nolan Smith,2012-13,PG,24,40,0,7.2,1.1,2.9,0.368,0.2,0.7,0.214,0.9,2.2,0.419,0.395,0.5,0.7,0.714,0.2,0.5,0.7,0.9,0.2,0,0.7,0.7,2.8,7.1,0.435,0.246,0.246,2.8,8.2,5.5,19.9,1.3,0.3,18.7,24.7,-0.5,-0.082
Marreese Speights,2012-13,C,25,79,3,16.5,3.3,7.4,0.445,0,0.1,0.3,3.3,7.3,0.448,0.448,1.7,2.2,0.771,1.8,3,4.9,0.6,0.3,0.7,1,2.2,8.3,17.3,0.498,0.017,0.3,12.7,22.3,17.4,6.5,1,3.3,10.8,25.8,2.8,0.104
Tiago Splitter,2012-13,PF,28,81,58,24.7,3.9,7,0.56,0,0,0,3.9,6.9,0.561,0.56,2.6,3.5,0.73,1.8,4.6,6.4,1.6,0.8,0.8,1.2,2,10.3,18.7,0.609,0.004,0.506,8.8,20.3,14.9,10,1.6,2.3,12.7,18.2,8.2,0.197
Jerry Stackhouse,2012-13,SF,38,37,0,14.7,1.8,4.6,0.384,0.8,2.4,0.337,1,2.2,0.434,0.471,0.5,0.6,0.87,0.1,0.8,0.9,0.9,0.2,0.1,0.6,0.8,4.9,8.5,0.5,0.517,0.134,1.1,6.1,3.6,10.4,0.7,0.6,11.6,17.5,0.4,0.037
Lance Stephenson,2012-13,SG,22,78,72,29.2,3.5,7.7,0.46,0.8,2.4,0.33,2.7,5.3,0.52,0.512,1,1.5,0.652,0.6,3.3,3.9,2.9,1,0.2,1.4,2.1,8.8,11.8,0.53,0.314,0.192,2.3,12.3,7.4,16.2,1.9,0.5,14.4,15.2,5.5,0.115
DeShawn Stevenson,2012-13,SG,31,56,31,20.7,1.8,4.7,0.374,1.4,3.7,0.364,0.4,0.9,0.415,0.519,0.2,0.4,0.522,0.3,1.9,2.2,0.9,0.5,0.1,0.4,1.2,5.1,8.1,0.522,0.798,0.088,1.8,10.1,6,6.5,1.3,0.4,7.8,11.8,1.5,0.061
Greg Stiemsma,2012-13,C,27,76,19,15.9,1.7,3.7,0.457,0,0,,1.7,3.7,0.457,0.457,0.7,0.9,0.768,0.8,2.6,3.4,0.4,0.6,1.2,0.8,2.4,4,10.5,0.498,0,0.248,5.6,19.5,12.3,3.9,1.9,5.8,16.1,13.6,1.7,0.069
Julyan Stone,2012-13,PG,24,4,0,7,0.5,0.5,1,0,0,,0.5,0.5,1,1,0.8,1,0.75,0.5,0.3,0.8,0.5,0.3,0,0.5,1,1.8,11.4,0.931,0,2,8.2,3.9,6,9.3,1.8,0,34.7,8.9,0.1,0.128
Amar'e Stoudemire,2012-13,PF,30,29,0,23.5,5.3,9.2,0.577,0,0,,5.3,9.2,0.577,0.577,3.6,4.5,0.808,2.1,2.9,5,0.4,0.3,0.7,1.7,3.1,14.2,22.1,0.637,0,0.487,10,15.1,12.4,3.6,0.8,2.7,13.4,25.7,2.7,0.191
Rodney Stuckey,2012-13,SG,26,76,24,28.6,4,9.8,0.406,0.7,2.4,0.302,3.3,7.4,0.44,0.443,2.8,3.6,0.783,0.6,2.2,2.8,3.6,0.7,0.2,1.8,1.7,11.5,13,0.505,0.243,0.364,2.2,9.1,5.6,20.3,1.2,0.6,13.4,21,2.5,0.055
Jared Sullinger,2012-13,PF,20,45,5,19.8,2.5,5,0.493,0,0.1,0.2,2.4,4.9,0.5,0.496,1,1.4,0.746,2,3.8,5.9,0.8,0.5,0.5,0.6,3.4,6,13.5,0.534,0.022,0.28,12.6,22.1,17.5,6.2,1.3,1.9,10.3,14.9,2.7,0.146
DaJuan Summers,2012-13,PF,25,2,0,3.5,0.5,2,0.25,0,0,,0.5,2,0.25,0.25,0,0,,0,1,1,0.5,0,0,0,0,1,4.3,0.25,0,0,0,33.5,17,21.7,0,0,0,26.1,0,-0.124
Jeff Taylor,2012-13,SF,23,77,29,19.6,2.2,5.2,0.431,0.7,2,0.344,1.5,3.2,0.486,0.497,1,1.3,0.728,0.7,1.3,1.9,0.8,0.6,0.2,0.6,1.8,6.1,10.3,0.531,0.386,0.258,3.8,7.7,5.7,7,1.6,0.8,9.7,14.9,1.2,0.039
Tyshawn Taylor,2012-13,PG,22,38,0,5.8,0.8,2.3,0.368,0.2,0.3,0.462,0.7,1.9,0.351,0.402,0.4,0.7,0.556,0.1,0.4,0.5,0.6,0.3,0,0.7,0.7,2.2,6.2,0.43,0.149,0.31,1.1,8.6,4.8,15.9,3.2,0,20.2,25.8,-0.4,-0.077
Jeff Teague,2012-13,PG,24,80,78,32.9,5.5,12.2,0.451,1.1,3.1,0.359,4.4,9.1,0.482,0.496,2.5,2.8,0.881,0.3,1.9,2.3,7.2,1.5,0.4,2.9,2.3,14.6,16.8,0.543,0.255,0.232,1.1,6.7,3.9,36.1,2.3,0.8,17.6,23,6.1,0.111
Marquis Teague,2012-13,PG,19,48,0,8.2,0.9,2.4,0.381,0.1,0.5,0.174,0.8,1.9,0.433,0.398,0.2,0.3,0.563,0.1,0.9,0.9,1.3,0.2,0.1,0.7,1,2.1,6,0.412,0.204,0.142,0.9,12.1,6.4,25.6,1.2,1.3,22.6,18.2,-0.3,-0.031
Mirza Teletović,2012-13,PF,27,53,0,9.4,1.3,3.5,0.384,0.7,2,0.343,0.6,1.5,0.442,0.484,0.2,0.2,0.818,0.6,1.2,1.8,0.4,0.2,0.2,0.4,1,3.5,12.3,0.495,0.584,0.059,7.8,14.8,11.2,7.7,1.4,1.2,9.5,19.4,0.9,0.087
Sebastian Telfair,2012-13,PG,27,59,2,16.6,1.9,5.2,0.362,0.9,2.5,0.353,1,2.7,0.371,0.448,0.9,1.2,0.783,0.2,1.2,1.4,2.6,0.6,0.2,1.1,1.8,5.6,10.9,0.488,0.485,0.223,1.5,8.5,4.9,23.9,2,0.8,15.9,18.5,0.8,0.039
Garrett Temple,2012-13,SG,26,51,36,22.7,2.1,5.1,0.407,0.5,1.6,0.325,1.5,3.5,0.444,0.457,0.5,0.7,0.703,0.6,1.8,2.4,2.3,1,0.3,1.2,1.8,5.1,8.8,0.478,0.31,0.143,2.8,9.1,5.9,15.5,2.3,1.2,18.2,13.2,1.2,0.049
Jason Terry,2012-13,SG,35,79,24,26.9,3.6,8.2,0.434,1.6,4.2,0.372,2,4,0.498,0.529,1.4,1.7,0.87,0.2,1.8,2,2.5,0.8,0.1,1.3,1.4,10.1,12.8,0.566,0.511,0.202,1.1,7.6,4.4,14.9,1.6,0.4,12.6,18,4,0.091
Hasheem Thabeet,2012-13,C,25,66,4,11.7,1,1.6,0.604,0,0,,1,1.6,0.604,0.604,0.5,0.8,0.604,1,1.9,3,0.2,0.5,0.9,0.6,2.2,2.4,11.6,0.619,0,0.5,11.1,17.5,14.5,2,2,5.9,24.1,10.1,2.2,0.134
Isaiah Thomas,2012-13,PG,23,79,62,26.9,4.6,10.5,0.44,1.5,4.1,0.358,3.2,6.5,0.491,0.509,3.2,3.6,0.882,0.4,1.7,2,4,0.8,0,1.8,2.1,13.9,17.5,0.574,0.386,0.345,1.5,7.3,4.4,24.6,1.6,0.1,12.7,23,5,0.114
Kurt Thomas,2012-13,PF,40,39,17,10.1,1.2,2.1,0.542,0,0,1,1.1,2.1,0.537,0.548,0.2,0.3,0.462,0.6,1.7,2.3,0.5,0.3,0.4,0.2,1.3,2.5,13.3,0.547,0.012,0.157,6.9,20.1,13.3,8.3,1.4,3.5,8.3,11.5,1.1,0.135
Lance Thomas,2012-13,SF,24,59,9,10.9,0.9,1.8,0.5,0,0,,0.9,1.8,0.5,0.5,0.7,1,0.729,0.7,1.2,1.9,0.3,0.2,0.1,0.2,1.3,2.5,10.1,0.565,0,0.557,8,13.3,10.6,4,0.9,0.9,9.6,10.5,1.2,0.087
Malcolm Thomas,2012-13,PF,24,12,0,4.8,0.4,0.8,0.5,0,0,,0.4,0.8,0.5,0.5,0.4,0.7,0.625,0.4,0.9,1.3,0.3,0.2,0.2,0.3,0.7,1.3,13.8,0.555,0,0.8,10,21.6,15.9,10.3,1.9,2.7,18.2,13.2,0.2,0.133
Tyrus Thomas,2012-13,PF,26,26,2,13.8,1.8,5.2,0.353,0.1,0.3,0.375,1.7,4.9,0.352,0.364,1,1.2,0.839,0.6,1.7,2.3,0.7,0.5,0.6,0.7,2,4.8,9.6,0.418,0.059,0.228,4.9,14.4,9.5,9.1,2,3.4,10.2,21.1,-0.2,-0.025
Jason Thompson,2012-13,PF,26,82,81,27.9,4.6,9.1,0.502,0,0,0,4.6,9,0.504,0.502,1.7,2.5,0.694,2.1,4.6,6.7,1,0.6,0.7,1.2,2.8,10.9,14.6,0.533,0.004,0.277,8.4,19.5,13.8,6,1.1,2.1,10.8,18.2,3.6,0.075
Klay Thompson,2012-13,SG,22,82,82,35.8,6.2,14.7,0.422,2.6,6.4,0.401,3.6,8.3,0.437,0.509,1.6,1.9,0.841,0.4,3.3,3.7,2.2,1,0.5,1.9,2.9,16.6,12.7,0.533,0.437,0.13,1.2,10,5.7,10.1,1.5,1.2,11,21.8,4.3,0.07
Tristan Thompson,2012-13,PF,21,82,82,31.3,4.8,9.7,0.488,0,0,0,4.8,9.7,0.49,0.488,2.2,3.5,0.608,3.7,5.7,9.4,1.3,0.7,0.9,1.5,2.9,11.7,16.1,0.516,0.004,0.364,13.2,22.1,17.5,6.9,1.2,2.2,11.7,18.3,5.2,0.098
Marcus Thornton,2012-13,SG,25,72,8,24,4.6,10.8,0.429,2,5.3,0.372,2.7,5.5,0.484,0.52,1.5,1.8,0.881,0.7,1.8,2.5,1.3,0.8,0.1,0.9,1.5,12.7,16.3,0.552,0.49,0.163,3.2,9,6,9,1.8,0.2,7.6,23.1,3.2,0.089
Jamaal Tinsley,2012-13,PG,34,66,32,18.5,1.3,3.5,0.368,0.6,1.9,0.307,0.7,1.6,0.439,0.451,0.3,0.4,0.692,0.3,1.5,1.7,4.4,1,0.2,1.6,1.6,3.5,10.6,0.467,0.543,0.111,1.6,9.5,5.5,34.1,2.8,0.9,30.2,13.1,0.9,0.035
Anthony Tolliver,2012-13,SF,27,62,11,15.5,1.3,3.5,0.38,0.7,2.1,0.338,0.6,1.3,0.446,0.484,0.7,0.8,0.863,0.5,2,2.5,0.5,0.2,0.2,0.6,1.1,4.1,8.4,0.531,0.616,0.236,3.7,14.5,9.2,4.8,0.8,1,13.1,13.2,1.2,0.059
P.J. Tucker,2012-13,SG,27,79,45,24.2,2.7,5.6,0.473,0.3,0.9,0.314,2.4,4.7,0.503,0.498,0.8,1.1,0.744,1.7,2.8,4.4,1.4,0.8,0.2,0.8,1.8,6.4,11.6,0.525,0.158,0.194,7.7,13.3,10.4,8.6,1.7,0.7,12.2,12.8,2.9,0.074
Ronny Turiaf,2012-13,C,30,65,0,10.8,0.8,1.5,0.505,0,0,,0.8,1.5,0.505,0.505,0.4,1,0.365,0.7,1.6,2.3,0.5,0.3,0.5,0.4,1.2,1.9,9.4,0.485,0,0.649,7.8,17.9,12.9,6.8,1.4,4.2,18.9,10,1.1,0.075
Hedo Türkoğlu,2012-13,SF,33,11,1,17.2,1.3,4.8,0.264,0.1,2.2,0.042,1.2,2.6,0.448,0.274,0.3,0.5,0.5,0.4,2,2.4,2.1,0.6,0.1,1.1,1,2.9,3.4,0.288,0.453,0.113,2.4,13.2,7.8,17.2,1.9,0.4,17.7,16.3,-0.5,-0.116
Evan Turner,2012-13,SF,24,82,82,35.3,5.4,12.8,0.419,0.7,1.9,0.365,4.7,10.9,0.428,0.446,1.9,2.5,0.74,0.7,5.6,6.3,4.3,0.9,0.2,2.3,2.4,13.3,12.1,0.478,0.151,0.198,2.1,18.5,10.1,19.7,1.3,0.5,14,21.2,2.1,0.035
Jeremy Tyler,2012-13,C,21,21,0,3.2,0.4,1.1,0.375,0,0,,0.4,1.1,0.375,0.375,0.2,0.3,0.667,0.3,0.7,1,0,0,0.1,0.3,0.5,1,6.2,0.413,0,0.25,10,22.3,16.3,2.3,0.7,2.3,18.4,21.5,-0.1,-0.049
Ekpe Udoh,2012-13,C,25,76,9,17.3,1.5,3.5,0.435,0,0,0,1.5,3.5,0.437,0.435,1.2,1.6,0.748,1.5,1.8,3.3,0.6,0.5,1.1,0.6,1.8,4.3,12,0.503,0.004,0.442,8.9,11.7,10.3,4.7,1.5,4.7,11.8,12.1,2.7,0.098
Beno Udrih,2012-13,SG-PG,30,66,9,22.1,3.2,7.2,0.441,0.5,1.5,0.333,2.7,5.7,0.471,0.477,1.3,1.6,0.816,0.5,1.6,2.1,4.6,0.6,0,1.6,1.4,8.2,14.2,0.516,0.214,0.216,2.5,8.2,5.3,32.3,1.5,0.2,17.2,19.3,2.2,0.071
Jonas Valančiūnas,2012-13,C,20,62,57,23.9,3.3,5.9,0.557,0,0,,3.3,5.9,0.557,0.557,2.4,3,0.789,2,4,6,0.7,0.3,1.3,1.5,3,8.9,15.6,0.619,0,0.505,9.6,20.5,14.9,5,0.6,4.2,17.4,16.9,3.9,0.127
Anderson Varejão,2012-13,C,30,25,25,36,5.5,11.6,0.478,0,0.2,0,5.5,11.4,0.486,0.478,3.1,4.1,0.755,5.5,8.9,14.4,3.4,1.5,0.6,1.8,2.7,14.1,21.7,0.529,0.017,0.353,16.9,30.1,23.2,15.4,2.1,1.3,11.6,18.7,3.3,0.173
Jarvis Varnado,2012-13,PF,24,13,0,4.5,0.2,0.5,0.429,0,0,,0.2,0.5,0.429,0.429,0.2,0.3,0.5,0.2,0.5,0.7,0.2,0.1,0.2,0.5,0.8,0.6,1.2,0.457,0,0.571,4.4,14,9.4,7.2,0.9,2.8,40.7,12.1,-0.1,-0.059
Greivis Vásquez,2012-13,PG,26,78,78,34.4,5.6,13,0.433,1.1,3.1,0.342,4.6,9.9,0.462,0.474,1.6,2,0.805,0.6,3.8,4.3,9,0.8,0.1,3.2,2.4,13.9,16.3,0.502,0.24,0.152,1.9,13.3,7.5,44.9,1.3,0.2,18.6,23,3.8,0.067
Jan Veselý,2012-13,PF,22,51,4,11.8,1.1,2.2,0.5,0,0,0,1.1,2.2,0.504,0.5,0.2,0.8,0.308,0.8,1.5,2.4,0.5,0.3,0.3,0.5,2.1,2.5,7.6,0.48,0.009,0.342,7.9,14.7,11.3,7.3,1.3,2.2,17.1,12,0.7,0.059
Charlie Villanueva,2012-13,PF,28,69,0,15.8,2.5,6.7,0.377,1.3,3.8,0.347,1.2,3,0.415,0.474,0.4,0.7,0.551,0.7,2.8,3.5,0.8,0.4,0.6,0.6,1.4,6.8,14,0.481,0.558,0.106,5.1,20.6,12.7,8.4,1.5,2.8,7.4,21.9,1.6,0.069
Nikola Vučević,2012-13,C,22,77,77,33.2,6,11.5,0.519,0,0,0,6,11.5,0.52,0.519,1.1,1.6,0.683,3.5,8.4,11.9,1.9,0.8,1,1.8,2.8,13.1,17.8,0.534,0.003,0.142,12,28.4,20.2,9.3,1.2,2.4,13,19.3,5.7,0.106
Dwyane Wade,2012-13,SG,31,69,69,34.7,8.2,15.8,0.521,0.2,1,0.258,8,14.9,0.537,0.528,4.5,6.2,0.725,1.2,3.7,5,5.1,1.9,0.8,2.8,2,21.2,24,0.571,0.06,0.389,4.7,12.6,8.9,26.6,2.8,1.9,13.2,29.5,9.6,0.192
Dion Waiters,2012-13,SG,21,61,48,28.8,5.5,13.4,0.412,1,3.3,0.31,4.5,10,0.446,0.451,2.6,3.5,0.746,0.4,2.1,2.4,3,1,0.3,2,1.9,14.7,13.7,0.492,0.249,0.261,1.4,8.8,4.9,18.4,1.7,0.7,11.8,26.1,0.9,0.026
Kemba Walker,2012-13,PG,22,82,82,34.9,6.4,15.2,0.423,1.3,4,0.322,5.1,11.1,0.459,0.466,3.6,4.5,0.798,0.7,2.7,3.5,5.7,2,0.4,2.4,1.9,17.7,18.8,0.517,0.267,0.298,2.3,9.2,5.7,31.2,2.9,0.9,12.4,25.6,4.8,0.08
John Wall,2012-13,PG,22,49,42,32.7,6.6,15,0.441,0.2,0.9,0.267,6.4,14.1,0.452,0.449,5,6.2,0.804,0.7,3.3,4,7.6,1.3,0.8,3.2,2.4,18.5,20.8,0.521,0.061,0.416,2.4,11.2,6.8,43.9,2.1,1.8,15.3,29.3,4.5,0.134
Gerald Wallace,2012-13,SF,30,69,68,30.1,2.6,6.6,0.397,0.7,2.4,0.282,2,4.3,0.461,0.448,1.8,2.8,0.637,1,3.6,4.6,2.6,1.4,0.7,1.6,1.7,7.7,11.6,0.49,0.356,0.415,3.9,14.3,9.1,13.3,2.5,1.7,16.9,14.5,3.1,0.072
Rasheed Wallace,2012-13,C,38,21,0,14.1,2.6,6.8,0.387,1,3.3,0.319,1.6,3.5,0.452,0.465,0.7,1,0.7,0.5,3.4,4,0.3,0.6,0.7,0.5,1.9,7,16.7,0.484,0.486,0.141,4.2,29.4,16.4,3.5,2.3,4.4,6.2,25.4,0.6,0.101
Luke Walton,2012-13,PF,32,50,0,17.1,1.4,3.6,0.392,0.4,1.3,0.299,1,2.3,0.447,0.448,0.2,0.4,0.5,0.8,2.1,2.9,3.3,0.8,0.3,1.2,2,3.4,11.3,0.453,0.37,0.11,4.9,15.2,9.8,28.7,2.5,1.2,24,13,0.8,0.045
Hakim Warrick,2012-13,PF,30,28,14,17.5,2.4,5.9,0.406,0,0.1,0,2.4,5.8,0.414,0.406,2.1,3.1,0.682,0.8,2.4,3.2,0.9,0.5,0.2,1,1.3,6.9,11.5,0.476,0.018,0.533,4.8,16.4,10.4,8.9,1.4,1,12.5,21.7,0,-0.001
C.J. Watson,2012-13,PG,28,80,8,19,2.4,5.7,0.418,1.1,2.7,0.411,1.3,3.1,0.424,0.514,0.9,1.1,0.78,0.5,1.3,1.8,2,0.8,0.2,0.9,1.5,6.8,13.9,0.544,0.466,0.198,2.9,8.4,5.6,17.2,2.3,0.6,12.1,17.2,3.8,0.12
Earl Watson,2012-13,PG,33,48,4,17.3,0.8,2.5,0.308,0.1,0.6,0.179,0.7,1.9,0.348,0.329,0.4,0.5,0.68,0.5,1.3,1.8,4,0.8,0.2,1.4,2,2,7.7,0.366,0.233,0.208,3.2,9.1,6.1,31.8,2.5,0.8,34.5,11,0,0.001
Maalik Wayns,2012-13,PG,21,27,1,7.5,1,3.3,0.295,0.3,1.1,0.226,0.7,2.1,0.333,0.335,0.6,0.7,0.895,0,0.2,0.3,1,0.2,0,0.6,1,2.8,5,0.394,0.352,0.216,0.5,3.5,2,20.7,1.6,0,13.5,25.4,-0.3,-0.079
Martell Webster,2012-13,SF,26,76,62,28.9,3.7,8.4,0.442,1.8,4.3,0.422,1.9,4,0.463,0.551,2.2,2.6,0.848,0.7,3.2,3.9,1.9,0.6,0.2,1.2,2.2,11.4,13.9,0.601,0.517,0.311,2.7,12.2,7.4,10.7,1.2,0.6,11.1,16.9,6.3,0.138
David West,2012-13,PF,32,73,73,33.4,6.9,13.8,0.498,0.1,0.3,0.211,6.8,13.6,0.503,0.5,3.3,4.3,0.768,2,5.7,7.7,2.9,1,0.9,2.2,2,17.1,20.1,0.545,0.019,0.312,6.8,18.8,12.9,16.8,1.6,2.1,12,24.4,9.1,0.179
Russell Westbrook,2012-13,PG,24,82,82,34.9,8.2,18.7,0.438,1.2,3.7,0.323,7,15.1,0.466,0.47,5.6,7,0.8,1.4,3.9,5.2,7.4,1.8,0.3,3.3,2.3,23.2,23.9,0.532,0.195,0.375,4.8,11.8,8.6,38.4,2.6,0.6,13.2,32.8,11.6,0.195
D.J. White,2012-13,PF,26,12,0,7.2,1,1.9,0.522,0,0,,1,1.9,0.522,0.522,0.4,0.8,0.556,0.3,0.8,1.1,0.3,0.1,0.5,0.2,0.4,2.4,14.7,0.538,0,0.391,5.7,12,8.9,7.5,0.6,5.5,6.9,15.9,0.2,0.117
James White,2012-13,SF,30,57,16,7.6,0.9,2,0.431,0.2,0.7,0.341,0.6,1.3,0.48,0.491,0.2,0.3,0.579,0.1,0.8,0.8,0.5,0.2,0.1,0.3,0.8,2.2,9.1,0.503,0.353,0.164,1.3,12,6.5,10.3,1.6,0.8,12,15.2,0.5,0.051
Chris Wilcox,2012-13,C,30,61,7,13.6,1.8,2.5,0.719,0,0,0,1.8,2.5,0.724,0.719,0.6,1,0.672,0.9,2,3,0.4,0.5,0.5,0.6,2,4.2,15.3,0.725,0.007,0.379,8.1,17.3,12.8,4.2,2,2.7,16,12.1,3.1,0.181
Damien Wilkins,2012-13,SG,33,61,21,18,2.4,5.2,0.459,0.3,0.8,0.333,2.1,4.3,0.483,0.486,1.3,1.8,0.743,0.5,1.2,1.7,1.5,0.6,0.3,0.8,1.6,6.4,12.5,0.533,0.161,0.345,3.2,7.8,5.4,12.9,1.8,1.3,11.9,17.4,1.9,0.083
Deron Williams,2012-13,PG,28,78,78,36.4,6.3,14.4,0.44,2.2,5.7,0.378,4.2,8.7,0.482,0.516,4.1,4.7,0.859,0.4,2.6,3,7.7,1,0.4,2.8,2.5,18.9,20.3,0.574,0.398,0.328,1.2,8.5,4.8,37.5,1.4,0.8,14.5,24.4,10.9,0.184
Derrick Williams,2012-13,PF,21,78,56,24.6,4.3,10.1,0.43,0.8,2.5,0.332,3.5,7.6,0.463,0.471,2.5,3.5,0.706,1.2,4.3,5.5,0.6,0.6,0.5,1.3,1.6,12,14.5,0.515,0.249,0.346,5.6,20.6,12.8,4.2,1.2,1.5,10,23.5,3,0.076
Lou Williams,2012-13,SG,26,39,9,28.7,4.8,11.4,0.422,1.8,5,0.367,2.9,6.3,0.466,0.503,2.7,3.1,0.868,0.2,1.8,2.1,3.6,1.1,0.3,1.9,1.4,14.1,15.9,0.555,0.442,0.273,0.8,7.3,4.1,20.4,2,0.7,13,23.6,2.4,0.103
Marvin Williams,2012-13,SF,26,73,51,23.7,2.7,6.4,0.423,0.7,2.3,0.325,2,4.2,0.477,0.481,1.1,1.4,0.778,0.8,2.8,3.6,1.1,0.5,0.5,0.8,1.3,7.2,10.9,0.515,0.353,0.211,3.7,14.3,8.9,6.9,1.1,1.7,10.5,15.1,2.3,0.063
Mo Williams,2012-13,PG,30,46,46,30.8,5,11.6,0.43,1.3,3.3,0.383,3.7,8.2,0.449,0.485,1.6,1.8,0.882,0.5,1.9,2.4,6.2,1,0.2,2.7,2.3,12.9,14.4,0.519,0.289,0.159,2,7.2,4.5,33.2,1.7,0.5,18,22.3,1.8,0.062
Reggie Williams,2012-13,SF,26,40,0,9.5,1.4,3.3,0.432,0.6,1.8,0.306,0.9,1.5,0.583,0.515,0.3,0.5,0.476,0.2,1.1,1.3,1,0.3,0,0.5,0.5,3.7,13.2,0.517,0.545,0.159,2.3,13.3,7.7,18.2,1.7,0.2,11.9,19.2,0.3,0.035
Terrence Williams,2012-13,SF,25,24,0,13.3,2,4,0.495,0.2,0.6,0.333,1.8,3.4,0.524,0.521,0.4,0.9,0.429,0.2,1.7,1.8,1.6,0.5,0.1,0.9,0.5,4.6,12.3,0.518,0.155,0.216,1.5,14.4,8.2,19.7,1.8,0.5,17.2,19.1,0.3,0.046
Metta World Peace,2012-13,SF,33,75,66,33.7,4.4,11,0.403,1.9,5.5,0.342,2.5,5.5,0.464,0.488,1.7,2.3,0.734,1.3,3.6,5,1.5,1.6,0.6,1.3,2.6,12.4,12.5,0.517,0.5,0.205,4.5,11.5,8.1,6.9,2.5,1.2,9.8,17.5,4.6,0.086
Brandan Wright,2012-13,C,25,64,16,18,3.8,6.3,0.597,0,0,0,3.8,6.3,0.601,0.597,0.9,1.5,0.615,1.3,2.7,4.1,0.6,0.4,1.2,0.5,1.2,8.5,21,0.606,0.007,0.238,8.4,16.7,12.6,5.6,1.2,5.2,7.1,19,4.1,0.172
Chris Wright,2012-13,SG,23,3,0,1.3,0.3,0.7,0.5,0,0,,0.3,0.7,0.5,0.5,0,0,,0,0,0,0,0,0,0.3,0,0.7,-1.9,0.5,0,0,0,0,0,0,0,0,33.3,34.2,0,-0.375
Dorell Wright,2012-13,SF,27,79,8,22.6,3,7.6,0.396,1.7,4.6,0.374,1.3,3,0.429,0.508,1.5,1.8,0.851,0.5,3.3,3.8,1.9,0.8,0.4,0.8,1.2,9.2,16,0.551,0.603,0.235,2.6,17,9.6,13.1,1.8,1.5,8.8,18.7,4.9,0.132
Tony Wroten,2012-13,SG,19,35,0,7.8,0.9,2.5,0.384,0.1,0.5,0.25,0.8,2,0.414,0.407,0.6,0.8,0.724,0.4,0.4,0.8,1.2,0.2,0.1,0.8,1,2.6,9.3,0.461,0.186,0.337,5.5,6.6,6.1,25.2,1.6,1.2,22.7,21.7,0.1,0.017
Nick Young,2012-13,SG,27,59,17,23.9,3.8,9.2,0.413,1.3,3.6,0.357,2.5,5.6,0.449,0.482,1.8,2.2,0.82,0.4,1.8,2.2,1.4,0.6,0.2,0.8,1.4,10.6,13.3,0.525,0.387,0.236,1.9,8.7,5.2,9.7,1.3,0.8,7.7,21.2,2.3,0.079
Sam Young,2012-13,SG,27,56,3,12.4,1,2.6,0.392,0.3,0.9,0.308,0.8,1.7,0.438,0.446,0.4,0.8,0.535,0.5,1.7,2.2,0.8,0.3,0.1,0.6,1.1,2.8,7.5,0.464,0.351,0.291,4.3,15.3,9.9,9.4,1.2,0.9,16.5,13.2,0.9,0.062
Thaddeus Young,2012-13,PF,24,76,76,34.6,6.7,12.6,0.531,0,0.1,0.125,6.7,12.5,0.535,0.532,1.4,2.5,0.574,2.4,5.1,7.5,1.6,1.8,0.7,1.2,2.5,14.8,18.2,0.541,0.008,0.196,7.6,17.2,12.3,8.2,2.7,1.6,8,19.8,7.4,0.136
Luke Zeller,2012-13,C,25,16,0,3.6,0.6,1.6,0.346,0.1,0.3,0.2,0.5,1.3,0.381,0.365,0,0,,0.1,0.6,0.6,0.2,0,0,0,0.3,1.2,5.6,0.365,0.192,0,1.9,18,9.8,8.4,0,0,0,19.9,-0.1,-0.047
Tyler Zeller,2012-13,C,23,77,55,26.4,3.2,7.3,0.438,0,0.1,0,3.2,7.2,0.441,0.438,1.6,2,0.764,2.1,3.6,5.7,1.2,0.5,0.9,1.2,3.3,7.9,11,0.486,0.007,0.281,8.7,16.7,12.5,7.4,0.9,2.8,13.1,15.9,2,0.048